????????,
empty_Rhit01.eft,3DData\Effect\empty_Rhit01.eft
empty_Ghit01.eft,3DData\Effect\empty_Ghit01.eft
empty_Bhit01.eft,3DData\Effect\empty_Bhit01.eft
,
z_hit_01.eft,3DData\Effect\z_hit_01.eft
,
Sealed_Door.EFT,3DData\Effect\Sealed_Door.EFT
Duel_RangeObject.EFT,3DData\Effect\Duel_RangeObject.EFT
,
onehand_rhit01.eft,3DData\Effect\onehand_rhit01.eft
onehand_rhit02.eft,3DData\Effect\onehand_rhit02.eft
,
race_start.eft,3DDATA\Effect\race_start.eft
race_check.eft,3DDATA\Effect\race_check.eft
race_goal.eft,3DDATA\Effect\race_goal.eft
,
Mining_hit.EFT,3DDATA\Effect\Mining_hit.EFT
Mining_die.EFT,3DDATA\Effect\Mining_die.EFT
TWINKLE_04.EFT,3DDATA\Effect\TWINKLE_04.EFT
Rank up,
Title unlocked,
Mining_hit_02.EFT,3DDATA\Effect\Mining_hit_02.EFT
SCOOP01.EFT,3DDATA\Effect\SCOOP01.EFT
,
,
,
,
,
hawker_y_skill_light01.eft,3DData\Effect\hawker_y_skill_light01.eft
twohand_hit_01.eft,3DData\Effect\twohand_hit_01.eft
,
arrow_effect_2.EFT,3DData\Effect\arrow_effect_2.EFT
bullet_effect_1.EFT,3DData\Effect\bullet_effect_1.EFT
cannon_effect_1.EFT,3DData\Effect\cannon_effect_1.EFT
_FIRE_RED_01.EFT,3DData\Effect\_FIRE_RED_01.EFT
_FIRE_BLUE_01.EFT,3DData\Effect\_FIRE_BLUE_01.EFT
TombsSwitch.EFT,3DData\Effect\TombsSwitch.EFT
DARK_MIST01.EFT,3DData\effect\DARK_MIST01.EFT
_ED_DRYLEAF05.EFT,3DData\Effect\_ED_DRYLEAF05.EFT
HeavySnowStorm.EFT,3DData\Effect\HeavySnowStorm.EFT
WALL05_RAY01.EFT,3DData\Effect\WALL05_RAY01.EFT
FLOOR04_MIST.EFT,3DData\Effect\FLOOR04_MIST.EFT
FLOOR05_RAY01.EFT,3DData\Effect\FLOOR05_RAY01.EFT
WALL_B_03_LIGHT.EFT,3DData\Effect\WALL_B_03_LIGHT.EFT
WALL_B_03_CRYSTAL.EFT,3DData\Effect\WALL_B_03_CRYSTAL.EFT
RM_F041_SPRAY.EFT,3DData\Effect\RM_F041_SPRAY.EFT
RM_CRYSTAL_LIGHT01.EFT,3DData\Effect\RM_CRYSTAL_LIGHT01.EFT
RANTAN_LIGHT.EFT,3DData\Effect\RANTAN_LIGHT.EFT
OR_RM_ENTRANCE02.EFT,3DData\Effect\OR_RM_ENTRANCE02.EFT
OR_RM_ENTRANCE01.EFT,3DData\Effect\OR_RM_ENTRANCE01.EFT
RealmWarp.EFT,3DData\Effect\RealmWarp.EFT
RM_WALL_LIGHT01.EFT,3DData\Effect\RM_WALL_LIGHT01.EFT
RM_SUNSHINE.EFT,3DData\Effect\RM_SUNSHINE.EFT
RM_STREETLIGHT.EFT,3DData\Effect\RM_STREETLIGHT.EFT
RM_ROPE_OBJ.EFT,3DData\Effect\RM_ROPE_OBJ.EFT
RM_ROBO_LASER.EFT,3DData\Effect\RM_ROBO_LASER.EFT
RM_PUPPET_SUCK.EFT,3DData\Effect\RM_PUPPET_SUCK.EFT
RM_MIST.EFT,3DData\Effect\RM_MIST.EFT
RM_FOUNTAIN041.EFT,3DData\Effect\RM_FOUNTAIN041.EFT
RM_FOUNTAIN.EFT,3DData\Effect\RM_FOUNTAIN.EFT
pokposu01.EFT,3DData\Effect\pokposu01.EFT
MG_EF_CLOUDS01.EFT,3DDATA\EFFECT\MG_EF_CLOUDS01.EFT
Sandstorm_Verminios.eft,3DDATA\EFFECT\Sandstorm_Verminios.eft
Elec_Guardian.EFT,3DDATA\EFFECT\Elec_Guardian.EFT
Time_Warp.EFT,3DDATA\EFFECT\Time_Warp.EFT
Spawn_Verminios.EFT,3DData\Effect\Spawn_Verminios.EFT
Spawn_Verminios_2.EFT,3DData\Effect\Spawn_Verminios_2.EFT
Heavy_Sandstorm.eft,3DData\Effect\Heavy_Sandstorm.eft
CG_Crystal_Arms.eft,3DData\Effect\CG_Crystal_Arms.eft
GOST_02.EFT,3DDdata\Effect\GOST_02.EFT
hit_critical_01.eft,3DData\Effect\hit_critical_01.eft
mg_mist.eft,3Ddata\Effect\mg_mist.eft
CRITICAL_TEXT.eft,3DData\Effect\CRITICAL_TEXT.eft
,
CD_Red.eft,3DData\Effect\CD_Red.eft
CD_Blue.eft,3DData\Effect\CD_Blue.eft
,
Vending_Beam.eft,3DData\Effect\Vending_Beam.eft
,
bow_01.eft,3DData\Effect\bow_01.eft
,
metal_bow_01.eft,3DData\Effect\metal_bow_01.eft
ston_bow_01.eft,3DData\Effect\ston_bow_01.eft
fairy_bow_01.eft,3DData\Effect\fairy_bow_01.eft
bow_fire_01.eft,3DData\Effect\bow_fire_01.eft
elect_bow_01.eft,3DData\Effect\elect_bow_01.eft
fairy_bow_g1.eft,3DData\Effect\fairy_bow_g1.eft
bow_fire_02.eft,3DData\Effect\bow_fire_02.eft
bow_fire_03.eft,3DData\Effect\bow_fire_03.eft
hit_bow_01.eft,3DData\Effect\hit_bow_01.eft
fairy_bow_02.eft,3DData\Effect\fairy_bow_02.eft
fairy_bow_03.eft,3DData\Effect\fairy_bow_03.eft
,
fairy_hit_01.eft,3DData\Effect\fairy_hit_01.eft
bow_fire_hit01.eft,3DData\Effect\bow_fire_hit01.eft
elect_hit_01.eft,3DData\Effect\elect_hit_01.eft
elect_hit_02.eft,3DData\Effect\elect_hit_02.eft
,
,
gun_ball_01.eft,3DData\Effect\gun_ball_01.eft
fire_ball_R02.eft,3DData\Effect\fire_ball_R02.eft
fire_ball_G02.eft,3DData\Effect\fire_ball_G02.eft
fire_ball_Y02.eft,3DData\Effect\fire_ball_Y02.eft
choutan_01.eft,3DData\Effect\choutan_01.eft
goldtan_01.eft,3DData\Effect\goldtan_01.eft
kontan_01.eft,3DData\Effect\kontan_01.eft
,
,
,
gun_blowup_01.eft,3DData\Effect\gun_blowup_01.eft
gun_blowup_02.eft,3DData\Effect\gun_blowup_02.eft
,
,
,
,
,
,
,
,
magic_fireball_R01.eft,3DData\Effect\magic_fireball_R01.eft
magic_fireball_P01.eft,3DData\Effect\magic_fireball_P01.eft
,
,
,
,
,
,
,
,
hit_fireball_01.eft,3DData\Effect\hit_fireball_01.eft
,
,
,
,
,
,
,
,
,
recover_01.eft,3DData\Effect\recover_01.eft
Instant Hp,3DData\Effect\recover_hp01.eft
Instant Mp,3DData\Effect\recover_mp01.eft
Slow HP,3DData\Effect\_Food_HP.eft
Slow MP,3DData\Effect\_Food_MP.eft
Yellow Recover Effect,3DData\Effect\recover_yelo.eft
Stamina,3DData\Effect\recover_stam.eft
Special Recovery HP (Pill),3DData\Effect\recover_special_hp.eft
Special Recovery MP (Pill),3DData\Effect\recover_special_mp.eft
,
,
,
healing_02.eft,3DData\Effect\healing_02_fast.eft
healing_03.eft,3DData\Effect\healing_03_fast.eft
,
,
,
,
,
,
levelup_01.eft,3DData\Effect\levelup_01.eft
healing_01.eft,3DData\Effect\healing_01.eft
healing_02.eft,3DData\Effect\healing_02.eft
healing_03.eft,3DData\Effect\healing_03.eft
attackdown_01.eft,3DData\Effect\attackdown_01.eft
attackup_01.eft,3DData\Effect\attackup_01.eft
defenddown_01.eft,3DData\Effect\defenddown_01.eft
defendup_01.eft,3DData\Effect\defendup_01.eft
criticalup_01.eft,3DData\Effect\criticalup_01.eft
criticaldown_01.eft,3DData\Effect\criticaldown_01.eft
movedown_01.eft,3DData\Effect\movedown_01.eft
,
horsepower_01.eft,3DData\Effect\horsepower_01.eft
horsepower_02.eft,3DData\Effect\horsepower_02.eft
hitup_01.eft,3DData\Effect\hitup_01.eft
hitdown_01.eft,3DData\Effect\hitdown_01.eft
poison_01.eft,3DData\Effect\poison_01.eft
shirkdown_01.eft,3DData\Effect\shirkdown_01.eft
shirkup_01.eft,3DData\Effect\shirkup_01.eft
end_effect_01.eft,3DData\Effect\end_effect_01.eft
healing_04.eft,3DData\Effect\healing_04.eft
atspeed_up_01.eft,3DData\Effect\atspeed_up_01.eft
atspeed_down_01.eft,3DData\Effect\atspeed_down_01.eft
damage_up01.eft,3DData\Effect\damage_up01.eft
TAUNT_STATUS.eft,3DData\Effect\TAUNT_STATUS.eft
,
,
,
,
,
apear_01.eft,3DData\Effect\apear_01.eft
bend_03.eft,3DData\Effect\bend_03.eft
jump_01.eft,3DData\Effect\jump_01.eft
,
,
,
,
,
,
,
,
,
,
,
,
,
,
,
,
,
casting_01.eft,3DData\Effect\casting_01.eft
casting_bow_01.eft,3DData\Effect\casting_bow_01.eft
casting_02.eft,3DData\Effect\casting_02.eft
casting_03.eft,3DData\Effect\casting_03.eft
casting_04.eft,3DData\Effect\casting_04.eft
casting_05.eft,3DData\Effect\casting_05.eft
casting_06.eft,3DData\Effect\casting_06.eft
,
,
,
,
,
,
,
,
,
,
,
,
,
,
,
,
,
,
,
,
,
,
,
,
skill_ball_01.eft,3DData\Effect\skill_ball_01.eft
skill_hit_01.eft,3DData\Effect\skill_hit_01.eft
holy_sword_01.eft,3DData\Effect\holy_sword_01.eft
twist_01.eft,3DData\Effect\twist_01.eft
spin_attack_01.eft,3DData\Effect\spin_attack_01.eft
,
,
,
,
adv_hp.eft,3DData\Effect\adv_hp.eft
adv_mp.eft,3DData\Effect\adv_mp.eft
adv_mspdup.eft,3DData\Effect\adv_mspdup.eft
adv_aspdup.eft,3DData\Effect\adv_aspdup.eft
adv_atkup.eft,3DData\Effect\adv_atkup.eft
adv_defendup.eft,3DData\Effect\adv_defendup.eft
adv_mresup.eft,3DData\Effect\adv_mresup.eft
adv_hitup.eft,3DData\Effect\adv_hitup.eft
adv_critup.eft,3DData\Effect\adv_critup.eft
adv_drup.eft,3DData\Effect\adv_drup.eft
adv_addup.eft,3DData\Effect\adv_addup.eft
,
,
,
,
,
,
,
,
,
ref_dmg.eft,3DData\Effect\ref_dmg.eft
radius.eft,3DData\Effect\radius.eft
lol.eft,3DData\Effect\lol.eft
_twinkle_02.eft,3DData\Effect\_twinkle_02.eft
,
,
,
,
,
,
saboten fire,3Ddata\Effect\SABOTEN_FIRE.EFT
saboten water,3Ddata\Effect\SABOTEN_water.EFT
spin,3DData\Effect\sandman_spin01.eft
,
,
,
,
,
,
,
B_blacksmith01_fire.eft,3DData\Effect\B_blacksmith01_fire.eft
smoke_01.eft,3DData\Effect\smoke_01.eft
smoke_02.eft,3DData\Effect\smoke_02.eft
smoke_03.eft,3DData\Effect\smoke_03.eft
smoke_04.eft,3DData\Effect\smoke_04.eft
smoke_05.eft,3DData\Effect\smoke_05.eft
flat_point_01.eft,3DData\Effect\flat_point_01.eft
party_up_01.eft,3DData\Effect\party_up_01.eft
bandy_01.eft,3DData\Effect\bandy_01.eft
smoke_06.eft,3DData\Effect\smoke_06.eft
bandy_02.eft,3DData\Effect\bandy_02.eft
kana_01.eft,3DData\Effect\kana_01.eft
smoke_07.eft,3DData\Effect\smoke_07.eft
flat_poin_02.eft,3DData\Effect\flat_poin_02.eft
_CLOVER_SMOKE.eft,3DData\Effect\_CLOVER_SMOKE.eft
smoke_17.eft,3DData\Effect\smoke_17.eft
MINOTAUR_SMOKE.eft,3DData\Effect\MINOTAUR_SMOKE.eft
PigCart_Smoke.eft,3DData\Effect\PigCart_Smoke.eft
FLYING_BOOST2.eft,3DData\Effect\FLYING_BOOST2.eft
,
,
,
,
syachicart_smoke01.eft,3DData\Effect\syachicart_smoke01.eft
,
,
,
,
,
,
,
,
,
,
,
,
,
,
,
,
,
,
,
,
,
,
alek1,3Ddata\Effect\ALEKSANDROS_BLOOD.EFT
alek2,3Ddata\Effect\ALEKSANDROS_BLOOD_3.EFT
alek3,3Ddata\Effect\ALEKSANDROS_DIESMOKE.EFT
alek4,3Ddata\Effect\ALEKSANDROS_POISON02.EFT
alek5,3Ddata\Effect\ALEKSANDROS_POISON.EFT
alek6,3Ddata\Effect\ALEKSANDROS_POISON_3.EFT
alek7,3Ddata\Effect\ALEKSANDROS_SMOKE.EFT
alek8,3Ddata\Effect\ALEKSANDROS_SONIC.EFT
alek9,3Ddata\Effect\ALEKSANDROS_SONIC_3.EFT
,
,
,
,
,
,
,
,
,
,
,
,
,
,
,
,
,
,
,
,
,
,
,
,
,
image_cut_01.eft,3DData\Effect\image_cut_01.eft
image_cut_02.eft,3DData\Effect\image_cut_02.eft
image_cut_03.eft,3DData\Effect\image_cut_03.eft
image_cut_04.eft,3DData\Effect\image_cut_04.eft
image_cut_05.eft,3DData\Effect\image_cut_05.eft
image_cut_06.eft,3DData\Effect\image_cut_06.eft
image_cut_07.eft,3DData\Effect\image_cut_07.eft
image_cut_08.eft,3DData\Effect\image_cut_08.eft
_paralysis.eft,3DData\Effect\_paralysis.eft
,
hit_g01.eft,3DData\Effect\hit_g01.eft
hit_r01.eft,3DData\Effect\hit_r01.eft
hit_b01.eft,3DData\Effect\hit_b01.eft
bubble_ball_01.eft,3DData\Effect\bubble_ball_01.eft
mon_summons_01.eft,3DData\Effect\mon_summons_01.eft
ston_tan_01.eft,3DData\Effect\ston_tan_01.eft
ston_tan_01_01.eft,3DData\Effect\ston_tan_01_01.eft
stongolem_hit_01.eft,3DData\Effect\stongolem_hit_01.eft
bonfire_01.eft,3DData\Effect\bonfire_01.eft
stony_skill_01.eft,3DData\Effect\stony_skill_01.eft
gost_01.eft,3DData\Effect\gost_01.eft
gost_tan_01.eft,3DData\Effect\gost_tan_01.eft
leaf_bow_01.eft,3DData\Effect\leaf_bow_01.eft
leaf_hit_01.eft,3DData\Effect\leaf_hit_01.eft
flower_bow_01.eft,3DData\Effect\flower_bow_01.eft
flower_hit_01.eft,3DData\Effect\flower_hit_01.eft
wormd_fog_01.eft,3DData\Effect\wormd_fog_01.eft
wormd_bow_01.eft,3DData\Effect\wormd_bow_01.eft
wormd_hit_01.eft,3DData\Effect\wormd_hit_01.eft
stony_body_01.eft,3DData\Effect\stony_body_01.eft
shockwave_01.eft,3DData\Effect\shockwave_01.eft
shockwave_02.eft,3DData\Effect\shockwave_02.eft
wormd_bow_02.eft,3DData\Effect\wormd_bow_02.eft
wormd_hit_02.eft,3DData\Effect\wormd_hit_02.eft
ston_tan_01_02.eft,3DData\Effect\ston_tan_01_02.eft
wormd_hit_03.eft,3DData\Effect\wormd_hit_03.eft
,
,
,
,
test.eft,3DData\Effect\test.eft
test_01.eft,3DData\Effect\test_01.eft
test_02.eft,3DData\Effect\test_02.eft
test_03.eft,3DData\Effect\test_03.eft
lunagate_01.eft,3DData\Effect\lunagate_01.eft
mileage_01.eft,3DData\Effect\mileage_01.eft
lunagate_02.eft,3DData\Effect\lunagate_02.eft
lunagate_03.eft,3DData\Effect\lunagate_03.eft
despawn_mist_blue.eft,3DData\Effect\despawn_mist_blue.eft
mileage_02.eft,3DData\Effect\mileage_02.eft
FOCUS_01.eft,3DData\Effect\FOCUS_01.eft
,
,
,
,
,
,
,
,
,
,
,
,
,
,
,
,
,
,
,
,
,
,
,
,
,
,
,
,
,
mon_summons_02.eft,3DData\Effect\mon_summons_02.eft
mon_summons_03.eft,3DData\Effect\mon_summons_03.eft
mon_summons_04.eft,3DData\Effect\mon_summons_04.eft
,
,
,
,
,
,
,
,
,
,
,
,
,
,
,
,
,
,
,
,
,
,
,
,
,
,
,
,
,
,
,
,
,
,
,
,
,
,
,
,
,
,
,
,
,
,
,
,
scratch_01.eft,3DData\Effect\_event_item01_01.eft
,
,
,
,
,
,
,
,
,
,
,
,
,
,
,
,
,
,
,
,
,
,
,
,
,
,
,
,
,
,
,
,
,
,
,
,
,
,
,
,
,
,
,
,
,
,
,
,
,
,
,
,
,
,
,
,
,
,
,
,
,
,
,
,
,
,
,
,
,
,
,
,
,
,
,
,
,
,
,
,
,
,
,
,
,
,
,
,
,
,
,
,
,
,
,
,
,
,
,
,
,
,
,
,
,
ACHIEVEMENT.EFT,3DData\Effect\ACHIEVEMENT.EFT
PLAYERTITLE.EFT,3DData\Effect\PLAYERTITLE.EFT
CLAN_LEVELUP.EFT,3DData\Effect\CLAN_LEVELUP.EFT
KILL_SPREE_01.EFT,3DData\Effect\KILL_SPREE_01.EFT
KILL_SPREE_02.EFT,3DData\Effect\KILL_SPREE_02.EFT
KILL_SPREE_03.EFT,3DData\Effect\KILL_SPREE_03.EFT
KILL_SPREE_04.EFT,3DData\Effect\KILL_SPREE_04.EFT
KILL_SPREE_05.EFT,3DData\Effect\KILL_SPREE_05.EFT
KILL_SPREE_06.EFT,3DData\Effect\KILL_SPREE_06.EFT
KILL_SPREE_07.EFT,3DData\Effect\KILL_SPREE_07.EFT
KILL_SPREE_08.EFT,3DData\Effect\KILL_SPREE_08.EFT
KILL_SPREE_09.EFT,3DData\Effect\KILL_SPREE_09.EFT
KILL_SPREE_CV.EFT,3DData\Effect\KILL_SPREE_CV.EFT
CURSED_PRIEST_DEATH.EFT,3DData\Effect\CURSED_PRIEST_DEATH.EFT
BR_WINNER.EFT,3DData\Effect\BR_WINNER.EFT
,
,
,
,
,
,
,
,
,
,
,
,
,
,
,
,
,
,
,
,
,
,
,
,
,
,
,
,
,
,
,
,
,
,
,
,
,
,
,
,
,
,
,
,
,
,
,
,
,
,
,
,
,
,
,
,
,
,
,
,
,
,
,
,
,
,
,
,
,
,
,
,
,
,
,
,
,
,
,
,
,
,
,
,
,
,
,
,
,
,
,
,
,
,
,
,
,
,
,
,
,
,
,
,
,
,
,
,
,
,
,
,
,
,
,
,
,
,
,
,
,
,
,
,
,
,
,
,
,
,
,
,
,
,
,
,
,
,
,
,
,
,
,
,
,
,
,
,
,
,
,
,
,
Tornado_blue_ef_2021.eft,3Ddata\Effect\Tornado_blue_ef_2021.eft
,
,
,
,
,
,
,
,
,
,
,
,
,
,
,
,
,
,
,
,
,
,
,
,
,
,
,
,
,
,
,
,
,
,
,
,
,
,
,
,
,
,
,
,
,
,
,
,
,
,
,
,
,
,
,
,
,
,
,
,
,
,
,
,
,
,
,
,
,
,
,
,
,
,
,
,
,
,
,
,
,
,
,
,
,
,
,
,
,
,
,
,
,
,
,
,
,
,
,
,
,
,
,
,
,
,
,
,
,
,
,
,
,
,
,
,
,
,
,
,
,
,
,
,
,
,
,
,
,
,
,
,
,
,
,
,
,
,
,
,
,
,
,
,
,
,
,
,
,
,
,
,
,
,
,
,
,
,
,
,
,
,
,
,
,
,
,
,
,
,
,
,
,
,
,
,
,
,
,
,
,
,
,
,
,
,
,
,
,
,
,
,
,
,
,
,
,
,
,
,
,
,
,
,
,
,
,
,
,
,
,
,
,
,
,
,
,
,
,
,
,
,
,
,
_empty_hit_01.eft,3DData\Effect\_empty_hit_01.eft
_empty_hit_02.eft,3DData\Effect\_empty_hit_02.eft
,
,
_empty_critical_hit_01.eft,3DData\Effect\_empty_critical_hit_01.eft
_onehand_hit_01.eft,3DData\Effect\_onehand_hit_01.eft
,
,
,
_onehand_critical_hit_01.eft,3DData\Effect\_onehand_critical_hit_01.eft
_onetool_hit_01.eft,3DData\Effect\_onetool_hit_01.eft
,
,
,
_onetool_critical_hit_01.eft,3DData\Effect\_onetool_critical_hit_01.eft
_twohand_hit_01.eft,3DData\Effect\_twohand_hit_01.eft
,
,
,
_twohand_critical_hit_01.eft,3DData\Effect\_twohand_critical_hit_01.eft
_twotool_hit_01.eft,3DData\Effect\_twotool_hit_01.eft
,
,
,
_twotool_critical_hit_01.eft,3DData\Effect\_twotool_critical_hit_01.eft
,
,
,
,
,
????????????-????,
_sequence_casting_01.eft,3DData\Effect\_sequence_casting_01.eft
_sequence_casting_02.eft,3DData\Effect\_sequence_casting_02.eft
,
,
_leap_hit_01.eft,3DData\Effect\_leap_hit_01.eft
_leap_casting_01.eft,3DData\Effect\_leap_casting_01.eft
_leap_rotate_01.eft,3DData\Effect\_leap_rotate_01.eft
_leap_hit_02.eft,3DData\Effect\_leap_hit_02.eft
_leap_casting_02.eft,3DData\Effect\_leap_casting_02.eft
_heavy_hit_01.eft,3DData\Effect\_heavy_hit_01.eft
_heavy_casting_01.eft,3DData\Effect\_heavy_casting_01.eft
_heavy_rotate_01.eft,3DData\Effect\_heavy_rotate_01.eft
_heavy_skill_01.eft,3DData\Effect\_heavy_skill_01.eft
_heavy_casting_02.eft,3DData\Effect\_heavy_casting_02.eft
,
,
,
,
,
??????,
_bow_firing_01.eft,3DData\Effect\_bow_firing_01.eft
_bow_twist_01.eft,3DData\Effect\_bow_twist_01.eft
,
,
,
_bow_firing_heavy01.eft,3DData\Effect\_bow_firing_heavy01.eft
_bow_firing_heavy02.eft,3DData\Effect\_bow_firing_heavy02.eft
,
,
,
_bow_hit_01.eft,3DData\Effect\_bow_hit_01.eft
_bow_twist_hit01.eft,3DData\Effect\_bow_twist_hit01.eft
,
_bow_casting_02.eft,3DData\Effect\_bow_casting_02.eft
,
,
_bow_hit_heavy01.eft,3DData\Effect\_bow_hit_heavy01.eft
_bow_casting_01.eft,3DData\Effect\_bow_casting_01.eft
,
_gun_firing_01.eft,3DData\Effect\_gun_firing_01.eft
_gun_firing_02.eft,3DData\Effect\_gun_firing_02.eft
_gun_firing_03.eft,3DData\Effect\_gun_firing_03.eft
_firebullet_firing_01.eft,3DData\Effect\_firebullet_firing_01.eft
_icebullet_firing_01.eft,3DData\Effect\_icebullet_firing_01.eft
_poisonbullet_firing_01.eft,3DData\Effect\_poisonbullet_firing_01.eft
_gun_firing_06.eft,3DData\Effect\_gun_firing_06.eft
_gun_firing_07.eft,3DData\Effect\_gun_firing_07.eft
_gun_firing_08.eft,3DData\Effect\_gun_firing_08.eft
_gun_firing_09.eft,3DData\Effect\_gun_firing_09.eft
_gun_hit_01.eft,3DData\Effect\_gun_hit_01.eft
_gun_hit_02.eft,3DData\Effect\_gun_hit_02.eft
_gun_hit_03.eft,3DData\Effect\_gun_hit_03.eft
_gun_firing_10.eft,3DData\Effect\_gun_firing_10.eft
_poisonarrow_firing_01.eft,3DData\Effect\_poisonarrow_firing_01.eft
_SQUIRT_GUN_FIRING.eft,3DData\Effect\_SQUIRT_GUN_FIRING.eft
_SQUIRT_GUN_HIT.eft,3DData\Effect\_SQUIRT_GUN_HIT.eft
_paralysis_FIRING.eft,3DData\Effect\_paralysis_FIRING.eft
,
,
?????? ????,??????????
_bowgun_firing_01.eft,3DData\Effect\_bowgun_firing_01.eft
_bowgun_firing_02.eft,3DData\Effect\_bowgun_firing_02.eft
_bowgun_firing_03.eft,3DData\Effect\_bowgun_firing_03.eft
_bowgun_firing_04.eft,3DData\Effect\_bowgun_firing_04.eft
,
,
,
,
,
,
_bowgun_hit_01.eft,3DData\Effect\_bowgun_hit_01.eft
,
,
,
,
,
,
,
,
????????,
_mana_firing_00.eft,3DData\Effect\_mana_firing_00.eft
_mana_firing_01.eft,3DData\Effect\_mana_firing_01.eft
_mana_firing_02.eft,3DData\Effect\_mana_firing_02.eft
_mana_firing_03.eft,3DData\Effect\_mana_firing_03.eft
_mana_firing_04.eft,3DData\Effect\_mana_firing_04.eft
,
,
,
,
,
_mana_hit_01.eft,3DData\Effect\_mana_hit_01.eft
_mana_hit_00.eft,3DData\Effect\_mana_hit_00.eft
_mana_hit_02.eft,3DData\Effect\_mana_hit_02.eft
_mana_hit_03.eft,3DData\Effect\_mana_hit_03.eft
_mana_hit_04.eft,3DData\Effect\_mana_hit_04.eft
,
oharai01.eft,3DData\Effect\oharai01.eft
_magic_firing_22.eft,3DData\Effect\_magic_firing_22.eft
_magic_firing_21.eft,3DData\Effect\_magic_firing_21.eft
Unique_Wand.EFT,3DData\Effect\Unique_Wand.EFT
_magic_firing_01.eft,3DData\Effect\_magic_firing_01.eft
_magic_firing_02.eft,3DData\Effect\_magic_firing_02.eft
_magic_firing_03.eft,3DData\Effect\_magic_firing_03.eft
_magic_firing_04.eft,3DData\Effect\_magic_firing_04.eft
_magic_firing_05.eft,3DData\Effect\_magic_firing_05.eft
_magic_firing_06.eft,3DData\Effect\_magic_firing_06.eft
_magic_firing_07.eft,3DData\Effect\_magic_firing_07.eft
_magic_firing_08.eft,3DData\Effect\_magic_firing_08.eft
_magic_firing_09.eft,3DData\Effect\_magic_firing_09.eft
_magic_firing_19.eft,3DData\Effect\_magic_firing_19.eft
_magic_firing_18.eft,3DData\Effect\_magic_firing_18.eft
_magic_firing_10.eft,3DData\Effect\_magic_firing_10.eft
_magic_firing_11.eft,3DData\Effect\_magic_firing_11.eft
_magic_firing_12.eft,3DData\Effect\_magic_firing_12.eft
_magic_firing_13.eft,3DData\Effect\_magic_firing_13.eft
_magic_firing_14.eft,3DData\Effect\_magic_firing_14.eft
_magic_firing_15.eft,3DData\Effect\_magic_firing_15.eft
_magic_firing_16.eft,3DData\Effect\_magic_firing_16.eft
_magic_firing_17.eft,3DData\Effect\_magic_firing_17.eft
_magic_firing_20.eft,3DData\Effect\_magic_firing_20.eft
_jemitem_effect01.eft,3DData\Effect\_jemitem_effect01.eft
_jemitem_effect11.eft,3DData\Effect\_jemitem_effect11.eft
_jemitem_effect21.eft,3DData\Effect\_jemitem_effect21.eft
_cerberus_bullet.eft,3DData\Effect\_cerberus_bullet.eft
,
_jemitem_effect02.eft,3DData\Effect\_jemitem_effect02.eft
_jemitem_effect12.eft,3DData\Effect\_jemitem_effect12.eft
_jemitem_effect22.eft,3DData\Effect\_jemitem_effect22.eft
,
,
_jemitem_effect03.eft,3DData\Effect\_jemitem_effect03.eft
_jemitem_effect13.eft,3DData\Effect\_jemitem_effect13.eft
_jemitem_effect23.eft,3DData\Effect\_jemitem_effect23.eft
,
,
_jemitem_effect04.eft,3DData\Effect\_jemitem_effect04.eft
_jemitem_effect14.eft,3DData\Effect\_jemitem_effect14.eft
_jemitem_effect24.eft,3DData\Effect\_jemitem_effect24.eft
,
,
_jemitem_effect05.eft,3DData\Effect\_jemitem_effect05.eft
_jemitem_effect15.eft,3DData\Effect\_jemitem_effect15.eft
_jemitem_effect25.eft,3DData\Effect\_jemitem_effect25.eft
,
,
_jemitem_effect06.eft,3DData\Effect\_jemitem_effect06.eft
_jemitem_effect16.eft,3DData\Effect\_jemitem_effect16.eft
_jemitem_effect26.eft,3DData\Effect\_jemitem_effect26.eft
,
,
_jemitem_effect07.eft,3DData\Effect\_jemitem_effect07.eft
_jemitem_effect17.eft,3DData\Effect\_jemitem_effect17.eft
_jemitem_effect27.eft,3DData\Effect\_jemitem_effect27.eft
pinkauro_01.eft,3DData\Effect\pinkauro_01.eft
pinkauro_02.eft,3DData\Effect\pinkauro_02.eft
pinkauro_03.eft,3DData\Effect\pinkauro_03.eft
pinkauro_04.eft,3DData\Effect\pinkauro_04.eft
_JEMITEM_DIAMOND02.eft,3DData\Effect\_JEMITEM_DIAMOND02.eft
_JEMITEM_DIAMOND12.eft,3DData\Effect\_JEMITEM_DIAMOND12.eft
_JEMITEM_DIAMOND22.eft,3DData\Effect\_JEMITEM_DIAMOND22.eft
_happy_01.eft,3DData\Effect\_happy_01.eft
_iloveyou_01.eft,3DData\Effect\_iloveyou_01.eft
_thankyou_01.eft,3DData\Effect\_thankyou_01.eft
_congratulation_01.eft,3DData\Effect\_congratulation_01.eft
_merry_02.eft,3DData\Effect\_merry_02.eft
FireWork_gacha01.eft,3DData\Effect\FireWork_gacha01.eft
FireWork_muku01.eft,3DData\Effect\FireWork_muku01.eft
gachaMukuDence01.eft,3DData\Effect\gachaMukuDence01.eft
,
,
_gun_firing_04.eft,3DData\Effect\_gun_firing_04.eft
,
_jemitem_effect28.eft,3DData\Effect\_jemitem_effect28.eft
_jemitem_effect29.eft,3DData\Effect\_jemitem_effect29.eft
_jemitem_effect30.eft,3DData\Effect\_jemitem_effect30.eft
_jemitem_effect37.eft,3DData\Effect\_jemitem_effect37.eft
_jemitem_effect38.eft,3DData\Effect\_jemitem_effect38.eft
_jemitem_effect39.eft,3DData\Effect\_jemitem_effect39.eft
,
,
_pokjuck_blue01.eft,3DData\Effect\_pokjuck_blue01.eft
_pokjuck_blue02.eft,3DData\Effect\_pokjuck_blue02.eft
_pokjuck_blue03.eft,3DData\Effect\_pokjuck_blue03.eft
_pokjuck_green01.eft,3DData\Effect\_pokjuck_green01.eft
_pokjuck_green02.eft,3DData\Effect\_pokjuck_green02.eft
_pokjuck_green03.eft,3DData\Effect\_pokjuck_green03.eft
_pokjuck_yellow01.eft,3DData\Effect\_pokjuck_yellow01.eft
_pokjuck_yellow02.eft,3DData\Effect\_pokjuck_yellow02.eft
_pokjuck_yellow03.eft,3DData\Effect\_pokjuck_yellow03.eft
,
_jemitem_effect31.eft,3DData\Effect\_jemitem_effect31.eft
_jemitem_effect32.eft,3DData\Effect\_jemitem_effect32.eft
_jemitem_effect33.eft,3DData\Effect\_jemitem_effect33.eft
,
_jemitem_effect34.eft,3DData\Effect\_jemitem_effect34.eft
_jemitem_effect35.eft,3DData\Effect\_jemitem_effect35.eft
_jemitem_effect36.eft,3DData\Effect\_jemitem_effect36.eft
,
,
_VAL_FIREWORK1.eft,3DData\Effect\_VAL_FIREWORK1.eft
_VAL_FIREWORK2.eft,3DData\Effect\_VAL_FIREWORK2.eft
_VAL_FIREWORK3.eft,3DData\Effect\_VAL_FIREWORK3.eft
_VAL_FIREWORK4.eft,3DData\Effect\_VAL_FIREWORK4.eft
_VAL_FIREWORK5.eft,3DData\Effect\_VAL_FIREWORK5.eft
,
_jemitem_effect07C.eft,3DData\Effect\_jemitem_effect07C.eft
_jemitem_effect17C.eft,3DData\Effect\_jemitem_effect17C.eft
_jemitem_effect27C.eft,3DData\Effect\_jemitem_effect27C.eft
,
_magic_firing_23.eft,3DData\Effect\_magic_firing_23.eft
_magic_firing_082.eft,3DData\Effect\_magic_firing_082.eft
_magic_firing_083.eft,3DData\Effect\_magic_firing_083.eft
_magic_firing_24.eft,3DData\Effect\_magic_firing_24.eft
_magic_firing_084.eft,3DData\Effect\_magic_firing_084.eft
,
,
,
,
,
??????_????????,
_castlegear_dust_01.eft,3DData\Effect\_castlegear_dust_01.eft
_castlegear_smoke_01.eft,3DData\Effect\_castlegear_smoke_01.eft
_castlegear_smoke_02.eft,3DData\Effect\_castlegear_smoke_02.eft
_castlegear_gas_01.eft,3DData\Effect\_castlegear_gas_01.eft
_castlegear_gas_02.eft,3DData\Effect\_castlegear_gas_02.eft
_castlegear_hit_01.eft,3DData\Effect\_castlegear_hit_01.eft
_car_fire01.eft,3DData\Effect\_car_fire01.eft
cart01_ability011.eft,3DData\Effect\cart01_ability011.eft
_car_ride_rp01.eft,3DData\Effect\_car_ride_rp01.eft
_car_ride_sk01.eft,3DData\Effect\_car_ride_sk01.eft
cart01_ability012.eft,3DData\Effect\cart01_ability012.eft
_car_fire02.eft,3DData\Effect\_car_fire02.eft
_car_fire03.eft,3DData\Effect\_car_fire03.eft
,
,
,
,
,
,
BUTTERFLYCART_WING_EF01.eft,3DData\Effect\BUTTERFLYCART_WING_EF01.eft
BUTTERFLYCART_WING_EF02.eft,3DData\Effect\BUTTERFLYCART_WING_EF02.eft
,
,
,
,
,
,
,
,
,
,
,
,
,
,
,
,
,
_smoke_firing_U1.eft,3DData\Effect\_smoke_firing_U1.eft
??????????,
_electgosst_elect_01.eft,3DData\Effect\_electgosst_elect_01.eft
_stony_hit_01.eft,3DData\Effect\_stony_hit_01.eft
_stony_critical_01.eft,3DData\Effect\_stony_critical_01.eft
_stongolem_hit_01.eft,3DData\Effect\_stongolem_hit_01.eft
_stongolem_critical_01.eft,3DData\Effect\_stongolem_critical_01.eft
_goblin_light_01.eft,3DData\Effect\_goblin_light_01.eft
_goblin_firing_01.eft,3DData\Effect\_goblin_firing_01.eft
_goblin_hit_01.eft,3DData\Effect\_goblin_hit_01.eft
_goblin_boss_skill01.eft,3DData\Effect\_goblin_boss_skill01.eft
_goblin_boss_casting01.eft,3DData\Effect\_goblin_boss_casting01.eft
_runasujung_blue_breakdown01.eft,3DData\Effect\_runasujung_blue_breakdown01.eft
_runasujung_black_breakdown01.eft,3DData\Effect\_runasujung_black_breakdown01.eft
_runasujung_green_breakdown01.eft,3DData\Effect\_runasujung_green_breakdown01.eft
_runasujung_red_breakdown01.eft,3DData\Effect\_runasujung_red_breakdown01.eft
_snow_firing_01.eft,3DData\Effect\_snow_firing_01.eft
_smoke_firing_01.eft,3DData\Effect\_smoke_firing_01.eft
_yetityrant_firing_01.eft,3DData\Effect\_yetityrant_firing_01.eft
_draw_knife_02.eft,3DData\Effect\_draw_knife_02.eft
_runa_hit_01.eft,3DData\Effect\_runa_hit_01.eft
_runa_hit_02.eft,3DData\Effect\_runa_hit_02.eft
_runa_hit_03.eft,3DData\Effect\_runa_hit_03.eft
_runa_hit_04.eft,3DData\Effect\_runa_hit_04.eft
_runa_firing_01.eft,3DData\Effect\_runa_firing_01.eft
_runa_firing_02.eft,3DData\Effect\_runa_firing_02.eft
_tyrant_skill_01.eft,3DData\Effect\_tyrant_skill_01.eft
_tyrantmagic_skill_01.eft,3DData\Effect\_tyrantmagic_skill_01.eft
_yetityrant_skill_01.eft,3DData\Effect\_yetityrant_skill_01.eft
_hill_stone_01.eft,3DData\Effect\_hill_stone_01.eft
_husehorn_skill.eft,3DData\Effect\_husehorn_skill.eft
_scope_01.eft,3DData\Effect\_scope_01.eft
_pantumsord_01.eft,3DData\Effect\_pantumsord_01.eft
_hit_hawk_01.eft,3DData\Effect\_hit_hawk_01.eft
_hawk_01.eft,3DData\Effect\_hawk_01.eft
_manticore_firing01.eft,3DData\Effect\_manticore_firing01.eft
_manticore1_casting01.eft,3DData\Effect\_manticore1_casting01.eft
leaf_bow_02.eft,3DData\Effect\leaf_bow_02.eft
leaf_hit_02.eft,3DData\Effect\leaf_hit_02.eft
bandy_03.eft,3DData\Effect\bandy_03.eft
_bow_small_firing_01.eft,3DData\Effect\_bow_small_firing_01.eft
_spider_01.eft,3DData\Effect\_spider_01.eft
_s_tracer_fire01.eft,3DData\Effect\_s_tracer_fire01.eft
_s_tracer_fire02.eft,3DData\Effect\_s_tracer_fire02.eft
_ed_twist01.eft,3DData\Effect\_ed_twist01.eft
bandy_bow_01.eft,3DData\Effect\bandy_bow_01.eft
bandy_bow_02.eft,3DData\Effect\bandy_bow_02.eft
bandy_skill_01.eft,3DData\Effect\bandy_skill_01.eft
bandy_skill_02.eft,3DData\Effect\bandy_skill_02.eft
leaf_bow_03.eft,3DData\Effect\leaf_bow_03.eft
leaf_hit_03.eft,3DData\Effect\leaf_hit_03.eft
_ed_twist02.eft,3DData\Effect\_ed_twist02.eft
_turak_status01.eft,3DData\Effect\_turak_status01.eft
_orphe01.eft,3DData\Effect\_orphe01.eft
_orphe_elect01.eft,3DData\Effect\_orphe_elect01.eft
_moss01.eft,3DData\Effect\_moss01.eft
_rackiesoul_01.eft,3DData\Effect\_rackiesoul_01.eft
_glow_03.eft,3DData\Effect\_glow_03.eft
_glow_04.eft,3DData\Effect\_glow_04.eft
_glow_05.eft,3DData\Effect\_glow_05.eft
_arua_ghost01.eft,3DData\Effect\_arua_ghost01.eft
_ward_blue01.eft,3DData\Effect\_ward_blue01.eft
_ward_blue02.eft,3DData\Effect\_ward_blue02.eft
_ward_green01.eft,3DData\Effect\_ward_green01.eft
_ward_green02.eft,3DData\Effect\_ward_green02.eft
_ward_red01.eft,3DData\Effect\_ward_red01.eft
_ward_red02.eft,3DData\Effect\_ward_red02.eft
_grandduke_casting01.eft,3DData\Effect\_grandduke_casting01.eft
_grandduke_hit01.eft,3DData\Effect\_grandduke_hit01.eft
_grandduke_skill01.eft,3DData\Effect\_grandduke_skill01.eft
_grandduke_skill02.eft,3DData\Effect\_grandduke_skill02.eft
_tombstone_elect_01.eft,3DData\Effect\_tombstone_elect_01.eft
_tombstone_glow_01.eft,3DData\Effect\_tombstone_glow_01.eft
_tombstone_word_01.eft,3DData\Effect\_tombstone_word_01.eft
brinto2_fire01.eft,3DData\Effect\brinto2_fire01.eft
_PumpkinFire_mon.eft,3DData\Effect\_PumpkinFire_mon.eft
_PumpkinDark_mon.eft,3DData\Effect\_PumpkinDark_mon.eft
_PumpkinFire_Skill.eft,3DData\Effect\_PumpkinFire_Skill.eft
_PumpkinDark_Skill.eft,3DData\Effect\_PumpkinDark_Skill.eft
_3firing_01.eft,3DData\Effect\_3firing_01.eft
_3hit_01.eft,3DData\Effect\_3hit_01.eft
_3firing_casting01.eft,3DData\Effect\_3firing_casting01.eft
_SendStorm_mon.eft,3DData\Effect\_SendStorm_mon.eft
_pokjuck_firing01.eft,3DData\Effect\_pokjuck_firing01.eft
_pokjuck_hit01.eft,3DData\Effect\_pokjuck_hit01.eft
scavenger_skill_hit01.eft,3DData\Effect\scavenger_skill_hit01.eft
scavenger_skill01.eft,3DData\Effect\scavenger_skill01.eft
scavenger_dark01.eft,3DData\Effect\scavenger_dark01.eft
Sandman_skill01.eft,3DData\Effect\Sandman_skill01.eft
mummy_firing01.eft,3DData\Effect\mummy_firing01.eft
mummy_hit01.eft,3DData\Effect\mummy_hit01.eft
mummy_s_skill01.eft,3DData\Effect\mummy_s_skill01.eft
mummy_s_casting01.eft,3DData\Effect\mummy_s_casting01.eft
mummy_k_skill01.eft,3DData\Effect\mummy_k_skill01.eft
mummycesi_s_hit01.eft,3DData\Effect\mummycesi_s_hit01.eft
mummytom_king_skill01.eft,3DData\Effect\mummytom_king_skill01.eft
Mummycesi_m_casting01.eft,3DData\Effect\Mummycesi_m_casting01.eft
Sandman_spin01.eft,3DData\Effect\Sandman_spin01.eft
mossgolem_casting01.eft,3DData\Effect\mossgolem_casting01.eft
mossgolem_skill01.eft,3DData\Effect\mossgolem_skill01.eft
turak_casting01.eft,3DData\Effect\turak_casting01.eft
turak_skill01.eft,3DData\Effect\turak_skill01.eft
nepenthes_skill01.eft,3DData\Effect\nepenthes_skill01.eft
flying_ball01.eft,3DData\Effect\flying_ball01.eft
flying_ballhit01.eft,3DData\Effect\flying_ballhit01.eft
jghost_01.eft,3DData\Effect\jghost_01.eft
vivec_skill01.eft,3DData\Effect\vivec_skill01.eft
Orphe_skill01.eft,3DData\Effect\Orphe_skill01.eft
melt_skill01.eft,3DData\Effect\melt_skill01.eft
melt_firing01.eft,3DData\Effect\melt_firing01.eft
Sabretooth_hit01.eft,3DData\Effect\Sabretooth_hit01.eft
????????,
_gost_01.eft,3DData\Effect\_gost_01.eft
_warp_dunjun_01.eft,3DData\Effect\_warp_dunjun_01.eft
_fire_01.eft,3DData\Effect\_fire_01.eft
_fire_02.eft,3DData\Effect\_fire_02.eft
_warp_join_01.eft,3DData\Effect\_warp_join_01.eft
_attack_point_01.eft,3DData\Effect\_attack_point_01.eft
_warp_gate01.eft,3DData\Effect\_warp_gate01.eft
_pvpsujung_breakdown01.eft,3DData\Effect\_pvpsujung_breakdown01.eft
_snow_01.eft,3DData\Effect\_snow_01.eft
_warp_gate02.eft,3DData\Effect\_warp_gate02.eft
_bandy_runa_01.eft,3DData\Effect\_bandy_runa_01.eft
_warp_gate02.eft,3DData\Effect\_warp_gate02.eft
_bandy_runa_01.eft,3DData\Effect\_bandy_runa_01.eft
_runa_fairy_01.eft,3DData\Effect\_runa_fairy_01.eft
_warp_gate03.eft,3DData\Effect\_warp_gate03.eft
_glow_01.eft,3DData\Effect\_glow_01.eft
_glow_02.eft,3DData\Effect\_glow_02.eft
_flower_01.eft,3DData\Effect\_flower_01.eft
_fire_03.eft,3DData\Effect\_fire_03.eft
_fire_04.eft,3DData\Effect\_fire_04.eft
smoke_08.eft,3DData\Effect\smoke_08.eft
pokposu02.eft,3DData\Effect\pokposu02.eft
_magic_stone01.eft,3DData\Effect\_magic_stone01.eft
_ed_leaf01.eft,3DData\Effect\_ed_leaf01.eft
_fire_05.eft,3DData\Effect\_fire_05.eft
_fire_06.eft,3DData\Effect\_fire_06.eft
moonlight1.eft,3DData\Effect\moonlight1.eft
moonlight2.eft,3DData\Effect\moonlight2.eft
magicwall_01.eft,3DData\Effect\magicwall_01.eft
mauboat.eft,3DData\Effect\mauboat.eft
mautemple_01.eft,3DData\Effect\mautemple_01.eft
mountainfire_01.eft,3DData\Effect\mountainfire_01.eft
FOCUSED_HEAD.eft,3DData\Effect\FOCUSED_HEAD.eft
aleksandros_smoke.eft,3DData\Effect\aleksandros_smoke.eft
aleksandros_blood.eft,3DData\Effect\aleksandros_blood.eft
aleksandros_blood_3.eft,3DData\Effect\aleksandros_blood_3.eft
aleksandros_poison.eft,3DData\Effect\aleksandros_poison.eft
aleksandros_poison_3.eft,3DData\Effect\aleksandros_poison_3.eft
aleksandros_poison02.eft,3DData\Effect\aleksandros_poison02.eft
STATUS_FROSTBITE.eft,3Ddata\Effect\STATUS_FROSTBITE.eft
_TOMBSTONE_FIRING_01.eft,3DData\Effect\_TOMBSTONE_FIRING_01.eft
_TOMBSTONE_FIRING_02.eft,3DData\Effect\_TOMBSTONE_FIRING_02.eft
EUW_Death.eft,3DData\Effect\EUW_Death.eft
,
,
rm_robo_laser.eft,3DData\Effect\rm_robo_laser.eft
Jabberwock Ghost,3DData\Effect\_gost_02.eft
leaf_bow_04.eft,3DData\Effect\leaf_bow_04.eft
bandy_bow_03.eft,3DData\Effect\bandy_bow_03.eft
_falling_ashes_01.eft,3DData\Effect\_falling_ashes_01.eft
,
,
,
m_drain.eft,3DData\Effect\m_drain.eft
,
,
,
,
,
,
,
,
,
,
,
,
,
,
,
,
,
,
,
,
avatar_urameshi_red01.eft,3DData\Effect\avatar_urameshi_red01.eft
,
,
,
,
,
,
,
,
,
,
,
,
,
,
,
,
,
,
,
_mute_02.eft,3DData\Effect\_mute_02.eft
_sleep_02.eft,3DData\Effect\_sleep_02.eft
_fainting_02.eft,3DData\Effect\_fainting_02.eft
,
,
????????,????????
_status_skill_01.eft,3DData\Effect\_status_skill_01.eft
_fainting_01.eft,3DData\Effect\_fainting_01.eft
_success_01.eft,3DData\Effect\_success_01.eft
_failed_01.eft,3DData\Effect\_failed_01.eft
_revive_01.eft,3DData\Effect\_revive_01.eft
_status_fire_01.eft,3DData\Effect\_status_fire_01.eft
_heal_01.eft,3DData\Effect\_heal_01.eft
_heal_02.eft,3DData\Effect\_heal_02.eft
_mute_01.eft,3DData\Effect\_mute_01.eft
_sleep_01.eft,3DData\Effect\_sleep_01.eft
_over_action01.eft,3DData\Effect\_over_action01.eft
_poison_01.eft,3DData\Effect\_poison_01.eft
_docile_01.eft,3DData\Effect\_docile_01.eft
end_effect_02.eft,3DData\Effect\end_effect_02.eft
_status_str_01.eft,3DData\Effect\_status_str_01.eft
_status_str_down01.eft,3DData\Effect\_status_str_down01.eft
_status_sen_01.eft,3DData\Effect\_status_sen_01.eft
_status_sen_down01.eft,3DData\Effect\_status_sen_down01.eft
_status_cha_01.eft,3DData\Effect\_status_cha_01.eft
_status_cha_down01.eft,3DData\Effect\_status_cha_down01.eft
_ethereal_01.eft,3DData\Effect\_ethereal_01.eft
_car_drive_effect01.eft,3DData\Effect\_car_drive_effect01.eft
_STATUS_CHA_01_CAP.eft,3DData\Effect\_STATUS_CHA_01_CAP.eft
,
,
,
_heal_01_fast.eft,3DData\Effect\_heal_01_fast.eft
_heal_02_fast.eft,3DData\Effect\_heal_02_fast.eft
_PARTYHEAL_01_FAST.eft,3DData\Effect\_PARTYHEAL_01_FAST.eft
,
,
,
,
,
,
,
,
,
,
,
,
,
,
,
,
,
,
,
,
?????? ????,
scratch_01.eft,3DData\Effect\scratch_01.eft
vivec_hit01.eft,3DData\Effect\vivec_hit01.eft
dragon_firing01.eft,3DData\Effect\dragon_firing01.eft
dragon_firing02.eft,3DData\Effect\dragon_firing02.eft
dragon_casting01.eft,3DData\Effect\dragon_casting01.eft
dragon_casting02.eft,3DData\Effect\dragon_casting02.eft
dragon_firing_hit01.eft,3DData\Effect\dragon_firing_hit01.eft
dragon_firing_hit02.eft,3DData\Effect\dragon_firing_hit02.eft
mon_status01.eft,3DData\Effect\mon_status01.eft
Icanes02_skill01.eft,3DData\Effect\Icanes02_skill01.eft
sirunmon_effect01.eft,3DData\Effect\sirunmon_effect01.eft
_spider_02.eft,3DData\Effect\_spider_02.eft
,
,
,
,
,
,
,
,
,
,
,
candle_torch_0613.eft,3DData\Effect\candle_torch_0613.eft
BAT_HALLOWEEN.eft,3DData\Effect\BAT_HALLOWEEN.eft
BACK_LAGUZ.eft,3DData\Effect\BACK_LAGUZ.eft
bubble_effect_0728_cr.eft,3DData\Effect\bubble_effect_0728_cr.eft
beer_mug_effect_0818_cr.eft,3DData\Effect\beer_mug_effect_0818_cr.eft
firework_back_0728_cr.eft,3Ddata\Effect\firework_back_0728_cr.eft
MAGIC_CIRCLE_1125_CR.eft,3Ddata\Effect\MAGIC_CIRCLE_1125_CR.eft
AVA_AURA_EFFECT_0519_CR.eft,3Ddata\Effect\AVA_AURA_EFFECT_0519_CR.eft
AGEHA_WING_EF01.eft,3Ddata\Effect\AGEHA_WING_EF01.eft
AGEHA_WING_EF02.eft,3Ddata\Effect\AGEHA_WING_EF02.eft
AGEHA_WING_EF03.eft,3Ddata\Effect\AGEHA_WING_EF03.eft
BACK_GADGET_PACK.eft,3Ddata\Effect\BACK_GADGET_PACK.eft
oni_kigurumi_back_red_20170126_end.eft,3DData\Effect\oni_kigurumi_back_red_20170126_end.eft
ghost_effect_0818_cr.eft,3DData\Effect\ghost_effect_0818_cr.eft
FAIRY_WING01.eft,3DData\Effect\FAIRY_WING01.eft
FAIRY_WING_ANOTHER01.eft,3DData\Effect\FAIRY_WING_ANOTHER01.eft
FAIRY_WING_BLUE01.eft,3DData\Effect\FAIRY_WING_BLUE01.eft
FAIRY_WING_PARPLE01.eft,3DData\Effect\FAIRY_WING_PARPLE01.eft
MAGIC_CIRCLE_EX_AQUA_1129_CR.eft,3DData\Effect\MAGIC_CIRCLE_EX_AQUA_1129_CR.eft
ANGEL_WING03_1227_WA.eft,3DData\Effect\ANGEL_WING03_1227_WA.eft
ANGEL_WING_BLACK_0221_WA.eft,3DData\Effect\ANGEL_WING_BLACK_0221_WA.eft
LIGHT_WING03.eft,3DData\Effect\LIGHT_WING03.eft
sakura_effect01_cr.eft,3Ddata\Effect\sakura_effect01_cr.eft
FAIRY_WING_GREEN01.eft,3DData\Effect\FAIRY_WING_GREEN01.eft
FAIRY_WING_BLACK01.eft,3DData\Effect\FAIRY_WING_BLACK01.eft
REBORN_BODY_01.eft,3DData\Effect\REBORN_BODY_01.eft
????????_????,
_s_blood_01.eft,3DData\Effect\_s_blood_01.eft
_s_bloodout_hit_01.eft,3DData\Effect\_s_bloodout_hit_01.eft
_s_divainforce_casting_01.eft,3DData\Effect\_s_divainforce_casting_01.eft
_s_divainforce_rotate_01.eft,3DData\Effect\_s_divainforce_rotate_01.eft
_s_divainlighting_casting_01.eft,3DData\Effect\_s_divainlighting_casting_01.eft
_s_divainlighting_rotate_01.eft,3DData\Effect\_s_divainlighting_rotate_01.eft
_skill_bloodshower_01.eft,3DData\Effect\_skill_bloodshower_01.eft
_s_twist_01.eft,3DData\Effect\_s_twist_01.eft
_s_spin_attack01.eft,3DData\Effect\_s_spin_attack01.eft
_space_attack01.eft,3DData\Effect\_space_attack01.eft
_s_spin_attack02.eft,3DData\Effect\_s_spin_attack02.eft
_skill_hit01.eft,3DData\Effect\_skill_hit01.eft
_skill_hit02.eft,3DData\Effect\_skill_hit02.eft
_shiedla_01.eft,3DData\Effect\_shiedla_01.eft
_s_blindblade_01.eft,3DData\Effect\_s_blindblade_01.eft
_space_attack02.eft,3DData\Effect\_space_attack02.eft
_zuly_storm_01.eft,3DData\Effect\_zuly_storm_01.eft
_s_twist_02.eft,3DData\Effect\_s_twist_02.eft
AVATAR_SNOW_EFFECT_1202_CR.eft,3DData\Effect\AVATAR_SNOW_EFFECT_1202_CR.eft
,
_status_cha_02.eft,3Ddata\Effect\_status_cha_02.eft
_status_cha_orange.eft,3DData\Effect\_status_cha_orange.eft
fireworks_dragon_cap_0616_cr.eft,3Ddata\Effect\fireworks_dragon_cap_0616_cr.eft
candle_fire_0811_cr.eft,3DData\Effect\candle_fire_0811_cr.eft
CAP_REINDEER_ANTLERS.eft,3DData\Effect\CAP_REINDEER_ANTLERS.eft
twinkle_01.eft,3DData\Effect\twinkle_01.eft
icewand_ef02.eft,3DData\Effect\icewand_ef02.eft
CAP_JACK_LANTERN.eft,3DData\Effect\CAP_JACK_LANTERN.eft
icewand_ef04.eft,3DData\Effect\icewand_ef04.eft
????,
_wind_01.eft,3DData\Effect\_wind_01.eft
_runaston_01.eft,3DData\Effect\_runaston_01.eft
_lighting_firing_01.eft,3DData\Effect\_lighting_firing_01.eft
_lighting_hit_01.eft,3DData\Effect\_lighting_hit_01.eft
_lighting_casting_01.eft,3DData\Effect\_lighting_casting_01.eft
_cuse_firing01.eft,3DData\Effect\_cuse_firing01.eft
_runaston_02.eft,3DData\Effect\_runaston_02.eft
_scope_02.eft,3DData\Effect\_scope_02.eft
CAP_ANCIENT_HELM.eft,3DData\Effect\CAP_ANCIENT_HELM.eft
CAP_BIRTHDAYCAKE.eft,3DData\Effect\CAP_BIRTHDAYCAKE.eft
BACK_SUNGOD.eft,3DData\Effect\BACK_SUNGOD.eft
ef_uchiwa_blue_0630_cr.eft,3DData\Effect\ef_uchiwa_blue_0630_cr.eft
BACK_SHAMAN_ZOMBIE.eft,3DData\Effect\BACK_SHAMAN_ZOMBIE.eft
BACK_BERKANA_EYE.eft,3DData\Effect\BACK_BERKANA_EYE.eft
FAIRY_WING_YELLOW01.eft,3DData\Effect\FAIRY_WING_YELLOW01.eft
BACK_MINING_BAG.eft,3DData\Effect\BACK_MINING_BAG.eft
COU_Transfer1.eft,3DData\Effect\COU_Transfer1.eft
BACK_BLAZING_WING.eft,3Ddata\Effect\BACK_BLAZING_WING.eft
BACK_TROPHY1.eft,3Ddata\Effect\BACK_TROPHY1.eft
BACK_TROPHY2.eft,3Ddata\Effect\BACK_TROPHY2.eft
BACK_TROPHY3.eft,3Ddata\Effect\BACK_TROPHY3.eft
_wind_02.eft,3DData\Effect\_wind_02.eft
_wind_03.eft,3DData\Effect\_wind_03.eft
_skill_clamor_01.eft,3DData\Effect\_skill_clamor_01.eft
BACK_FERRELL_SMOKE2.eft,3Ddata\Effect\BACK_FERRELL_SMOKE2.eft
SMOKE_19.eft,3Ddata\Effect\SMOKE_19.eft
BACK_FLIGHTPACK.eft,3Ddata\Effect\BACK_FLIGHTPACK.eft
,
,
????  ,
_draw_knife_01.eft,3DData\Effect\_draw_knife_01.eft
_hart_01.eft,3DData\Effect\_hart_01.eft
_hart_firing_01.eft,3DData\Effect\_hart_firing_01.eft
_redcryoud_01.eft,3DData\Effect\_redcryoud_01.eft
_prime_casting01.eft,3DData\Effect\_prime_casting01.eft
_prime_attack01.eft,3DData\Effect\_prime_attack01.eft
_prime_attack02.eft,3DData\Effect\_prime_attack02.eft
_bladestome_01.eft,3DData\Effect\_bladestome_01.eft
_bladestome_hit_01.eft,3DData\Effect\_bladestome_hit_01.eft
_draw_knife_03.eft,3DData\Effect\_draw_knife_03.eft
_storm_summon1.eft,3DData\Effect\_storm_summon1.eft
_fire_summon01.eft,3DData\Effect\_fire_summon01.eft
_hart_firing_02.eft,3DData\Effect\_hart_firing_02.eft
_toxic_summon01.eft,3Ddata\Effect\_toxic_summon01.eft
_plasma_summon01.eft,3Ddata\Effect\_plasma_summon01.eft
_altar_power_aoe.eft,3Ddata\Effect\_altar_power_aoe.eft
REBORN_SEQUENCE01.eft,3Ddata\Effect\REBORN_SEQUENCE01.eft
,
,
,
,
,
,
,
,
,
,
,
,
????,
_jullyston_01.eft,3DData\Effect\_jullyston_01.eft
_jullypink_01.eft,3DData\Effect\_jullypink_01.eft
_hit_jullypink_01.eft,3DData\Effect\_hit_jullypink_01.eft
_hit_jullypink_02.eft,3DData\Effect\_hit_jullypink_02.eft
_GUN_FIRING_11.eft,3DData\Effect\_GUN_FIRING_11.eft
_GUN_FIRING_12.eft,3DData\Effect\_GUN_FIRING_12.eft
,
,
,
,
,
,
,
,
,
,
,
,
,
,
,
,
,
,
,
,
,
,
,
,
,
,
,
,
,
,
,
,
,
,
,
,
,
,
,
,
,
,
,
,
,
,
,
,
,
,
,
,
,
????????,
,
_pay_casting_01.eft,3DData\Effect\_pay_casting_01.eft
_handicap_casting_01.eft,3DData\Effect\_handicap_casting_01.eft
_self_casting_01.eft,3DData\Effect\_self_casting_01.eft
,
,
,
,
????????????1,
,
_pay_rotate_01.eft,3DData\Effect\_pay_rotate_01.eft
_handicap_rotate_01.eft,3DData\Effect\_handicap_rotate_01.eft
_self_rotate_01.eft,3DData\Effect\_self_rotate_01.eft
_scope_rotate_01.eft,3DData\Effect\_scope_rotate_01.eft
_target_rotate_01.eft,3DData\Effect\_target_rotate_01.eft
,
,
????????,
_pay_skill_01.eft,3DData\Effect\_pay_skill_01.eft
_handicap_skill_01.eft,3DData\Effect\_handicap_skill_01.eft
_self_skill_01.eft,3DData\Effect\_self_skill_01.eft
,
,
????????,
,
,
,
,
,
,
,
,
????????????2,
,
_pay_rotate_02.eft,3DData\Effect\_pay_rotate_02.eft
,
,
_scope_rotate_02.eft,3DData\Effect\_scope_rotate_02.eft
,
,
,
????????,
_pay_skill_02.eft,3DData\Effect\_pay_skill_02.eft
,
_self_skill_02.eft,3DData\Effect\_self_skill_02.eft
,
,
,
,
????????-??????????,
_mana_casting_01.eft,3DData\Effect\_mana_casting_01.eft
_firebolt_casting_01.eft,3DData\Effect\_firebolt_casting_01.eft
,
,
,
,
,
,
,
????????????,
_mana_rotate_01.eft,3DData\Effect\_mana_rotate_01.eft
_firebolt_rotate_01.eft,3DData\Effect\_firebolt_rotate_01.eft
,
,
,
,
,
,
,
,
,
,
,
,
,
,
present_throw_firing_0203_cr.eft,3Ddata\Effect\present_throw_firing_0203_cr.eft
present_throw_hit_0203_cr.eft,3Ddata\Effect\present_throw_hit_0203_cr.eft
,
,
_snow_firing_02.eft,3DData\Effect\_snow_firing_02.eft
_poison_hit01.eft,3DData\Effect\_poison_hit01.eft
_lighting_hit_02.eft,3DData\Effect\_lighting_hit_02.eft
frizing_hit01.eft,3DData\Effect\frizing_hit01.eft
posion_01.eft,3DData\Effect\posion_01.eft
plaimattack_01.eft,3DData\Effect\plaimattack_01.eft
event_valentine01.eft,3DData\Effect\event_valentine01.eft
,
,
,
rose_wand_hit01.eft,3DData\Effect\rose_wand_hit01.eft
rose_wand_hit02.eft,3DData\Effect\rose_wand_hit02.eft
ROSE_WAND_FIRING01.eft,3DData\Effect\ROSE_WAND_FIRING01.eft
ROSE_WAND_FIRING02.eft,3DData\Effect\ROSE_WAND_FIRING02.eft
,
,
,
,
,
_ANTISHALLOW_01.eft,3DData\Effect\_ANTISHALLOW_01.eft
_HIT_01.eft,3DData\Effect\_HIT_01.eft
,
_uniqueS_01.eft,3DData\Effect\_uniqueS_01.eft
_uniqueS_02.eft,3DData\Effect\_uniqueS_02.eft
_uniqueS_03.eft,3DData\Effect\_uniqueS_03.eft
_uniqueS_04.eft,3DData\Effect\_uniqueS_04.eft
_uniqueS_05.eft,3DData\Effect\_uniqueS_05.eft
CVC_Toxic.eft,3DData\Effect\CVC_Toxic.eft
CVC_Lava1.eft,3DData\Effect\CVC_Lava1.eft
CVC_Lava2.eft,3DData\Effect\CVC_Lava2.eft
CVC_Lava3.eft,3DData\Effect\CVC_Lava3.eft
CVC_Lava4.eft,3DData\Effect\CVC_Lava4.eft
CVC_Lava5.eft,3DData\Effect\CVC_Lava5.eft
CVC_Iced1.eft,3DData\Effect\CVC_Iced1.eft
CVC_Iced2.eft,3DData\Effect\CVC_Iced2.eft
CVC_Iced3.eft,3DData\Effect\CVC_Iced3.eft
CVC_Iced4.eft,3DData\Effect\CVC_Iced4.eft
CVC_Iced5.eft,3DData\Effect\CVC_Iced5.eft
CVC_Toxic1.eft,3DData\Effect\CVC_Toxic1.eft
CVC_Toxic2.eft,3DData\Effect\CVC_Toxic2.eft
CVC_Toxic3.eft,3DData\Effect\CVC_Toxic3.eft
CVC_Toxic4.eft,3DData\Effect\CVC_Toxic4.eft
CVC_Toxic5.eft,3DData\Effect\CVC_Toxic5.eft
CVC_Ancient1.eft,3DData\Effect\CVC_Ancient1.eft
CVC_Ancient2.eft,3DData\Effect\CVC_Ancient2.eft
CVC_Ancient3.eft,3DData\Effect\CVC_Ancient3.eft
CVC_Ancient4.eft,3DData\Effect\CVC_Ancient4.eft
CVC_Ancient5.eft,3DData\Effect\CVC_Ancient5.eft
,
beam_sword_blue.eft,3DData\Effect\beam_sword_blue.eft
beam_sword_red.eft,3DData\Effect\beam_sword_red.eft
LASER_SWORD_1.eft,3Ddata\Effect\LASER_SWORD_1.eft
LASER_SWORD_2.eft,3Ddata\Effect\LASER_SWORD_2.eft
CHAINSAW_EF.eft,3Ddata\Effect\CHAINSAW_EF.eft
CVC_Necro1.eft,3DData\Effect\CVC_Necro1.eft
CVC_Necro2.eft,3DData\Effect\CVC_Necro2.eft
CVC_Necro3.eft,3DData\Effect\CVC_Necro3.eft
CVC_Necro4.eft,3DData\Effect\CVC_Necro4.eft
CVC_Necro5.eft,3DData\Effect\CVC_Necro5.eft
icewand_ef.eft,3DData\Effect\icewand_ef.eft
LASER_SWORD_3.eft,3Ddata\Effect\LASER_SWORD_3.eft
LASER_SWORD_4.eft,3Ddata\Effect\LASER_SWORD_4.eft
CVC_Elder1.eft,3DData\Effect\CVC_Elder1.eft
CVC_Elder2.eft,3DData\Effect\CVC_Elder2.eft
CVC_Elder3.eft,3DData\Effect\CVC_Elder3.eft
CVC_Elder4.eft,3DData\Effect\CVC_Elder4.eft
CVC_Elder5.eft,3DData\Effect\CVC_Elder5.eft
CVC_Elder6.eft,3DData\Effect\CVC_Elder6.eft
CVC_Elder7.eft,3DData\Effect\CVC_Elder7.eft
,
_casting_01.eft,3DData\Effect\_casting_01.eft
_casting_02.eft,3DData\Effect\_casting_02.eft
,
,
CVC_Thun1.eft,3DData\Effect\CVC_Thun1.eft
CVC_Thun2.eft,3DData\Effect\CVC_Thun2.eft
CVC_Thun3.eft,3DData\Effect\CVC_Thun3.eft
CVC_Thun4.eft,3DData\Effect\CVC_Thun4.eft
CVC_Thun5.eft,3DData\Effect\CVC_Thun5.eft
CVC_Thun6.eft,3DData\Effect\CVC_Thun6.eft
CVC_Thun7.eft,3DData\Effect\CVC_Thun7.eft
AURA_EFT_01.eft,3DData\Effect\AURA_EFT_01.eft
AURA_EFT_02.eft,3DData\Effect\AURA_EFT_02.eft
CVC_Glacial1.eft,3DData\Effect\CVC_Glacial1.eft
CVC_Glacial2.eft,3DData\Effect\CVC_Glacial2.eft
CVC_Glacial3.eft,3DData\Effect\CVC_Glacial3.eft
CVC_Glacial4.eft,3DData\Effect\CVC_Glacial4.eft
CVC_Glacial5.eft,3DData\Effect\CVC_Glacial5.eft
CVC_Glacial6.eft,3DData\Effect\CVC_Glacial6.eft
CVC_Glacial7.eft,3DData\Effect\CVC_Glacial7.eft
,
,
,
,
,
,
,
vo_effect01_green.eft,3Ddata\Effect\vo_effect01_green.eft
,
,
JOKE_PANDA.eft,3DData\Effect\JOKE_PANDA.eft
flyingboard_smoke02.eft,3DData\Effect\flyingboard_smoke02.eft
flyingboard_smoke01.eft,3DData\Effect\flyingboard_smoke01.eft
jghost_01.eft,3DData\Effect\jghost_01.eft
flying_tsumiki_effect_1202_cr.eft,3ddata\Effect\flying_tsumiki_effect_1202_cr.eft
flying_star_effect_1202_cr.eft,3ddata\Effect\flying_star_effect_1202_cr.eft
,
,
,
toy_sheep_cart_effect02_0115_cr.eft,3Ddata\Effect\toy_sheep_cart_effect02_0115_cr.eft
ghostcart_effect_0331_cr.eft,3Ddata\Effect\ghostcart_effect_0331_cr.eft
xmas_sled_ef_1210_cr.eft,3DData\Effect\xmas_sled_ef_1210_cr.eft
takarabune_car_ef_0121_cr.eft,3DData\Effect\takarabune_car_ef_0121_cr.eft
water_effect_0728_cr.eft,3DData\Effect\water_effect_0728_cr.eft
water_effect_banana_0728_cr.eft,3DData\Effect\water_effect_banana_0728_cr.eft
ghostcart_elect_effect_0421_cr.eft,3DData\Effect\ghostcart_elect_effect_0421_cr.eft
sheep_cart_effect_1218_cr.eft,3Ddata\Effect\sheep_cart_effect_1218_cr.eft
rocket_arm_0602_cr.eft,3DData\Effect\rocket_arm_0602_cr.eft
ghostcart_obake_effect_1027_cr.eft,3ddata\Effect\ghostcart_obake_effect_1027_cr.eft
,
_event_item01_01.eft,3DData\Effect\_event_item01_01.eft
_event_item01_02.eft,3DData\Effect\_event_item01_02.eft
_event_item01_03.eft,3DData\Effect\_event_item01_03.eft
water_effect_surf.eft,3DData\Effect\water_effect_surf.eft
,
,
,
,
,
,
,
,
,
,
,
,
,
,
,
,
,
,
,
,
,
,
,
,
,
,
,
,
,
,
,
,
,
,
,
,
,
,
,
,
,
,
_glacial_01.eft,3DData\Effect\_glacial_01.eft
_deye_02.eft,3DData\Effect\_deye_02.eft
??????_????,??????_????
_jewel_01.eft,3DData\Effect\_jewel_01.eft
_icanes_spark_01.eft,3DData\Effect\_icanes_spark_01.eft
_mossent_healskill_01.eft,3DData\Effect\_mossent_healskill_01.eft
_bolt_01.eft,3DData\Effect\_bolt_01.eft
_bolt_hit_01.eft,3DData\Effect\_bolt_hit_01.eft
_meteostrike_01.eft,3DData\Effect\_meteostrike_01.eft
_drain_01.eft,3DData\Effect\_drain_01.eft
_deye_01.eft,3DData\Effect\_deye_01.eft
_spark_01.eft,3DData\Effect\_spark_01.eft 
_spark_hit_01.eft,3DData\Effect\_spark_hit_01.eft 
_bottle_01.eft,3DData\Effect\_bottle_01.eft 
_hit_firebottle_01.eft,3DData\Effect\_hit_firebottle_01.eft
_twist_01.eft,3DData\Effect\_twist_01.eft
_smoke_black_01.eft,3DData\Effect\_smoke_black_01.eft
_twinkle_02.eft,3DData\Effect\_twinkle_02.eft
_heart_01.eft,3DData\Effect\_heart_01.eft
_twist_02.eft,3DData\Effect\_twist_01.eft
_bolt_02.eft,3DData\Effect\_bolt_02.eft
,
_JEMITEM_fire01.eft,3DData\Effect\_JEMITEM_fire01.eft
_JEMITEM_fire02.eft,3DData\Effect\_JEMITEM_fire02.eft
_JEMITEM_fire03.eft,3DData\Effect\_JEMITEM_fire03.eft
_JEMITEM_fire04.eft,3DData\Effect\_JEMITEM_fire04.eft
_JEMITEM_fire05.eft,3DData\Effect\_JEMITEM_fire05.eft
_JEMITEM_fire06.eft,3DData\Effect\_JEMITEM_fire06.eft
ecl_boss_poison01.eft,3DData\Effect\ecl_boss_poison01.eft
ecl_boss_poison02.eft,3Ddata\Effect\ecl_boss_poison02.eft
ecl_boss_poison03.eft,3Ddata\Effect\ecl_boss_poison03.eft
elc_maneter_drain.eft,3Ddata\Effect\elc_maneter_drain.eft
elc_maneter_houkou.eft,3Ddata\Effect\elc_maneter_houkou.eft
elc_maneter_houkou02.eft,3Ddata\Effect\elc_maneter_houkou02.eft
ecl_boss_wave01.eft,3Ddata\Effect\ecl_boss_wave01.eft
ecl_boss_wave02.eft,3Ddata\Effect\ecl_boss_wave02.eft
ecl_boss_shockwave.eft,3Ddata\Effect\ecl_boss_shockwave.eft
elc_support_wave.eft,3Ddata\Effect\elc_support_wave.eft
ecl_obj_poison01.eft,3Ddata\Effect\ecl_obj_poison01.eft
ecl_boss_rock01.eft,3Ddata\Effect\ecl_boss_rock01.eft
ecl_obj_poison_purple.eft,3Ddata\Effect\ecl_obj_poison_purple.eft
ecl_boss_purple_poison01.eft,3Ddata\Effect\ecl_boss_purple_poison01.eft
ecl_boss_purple_poison02.eft,3Ddata\Effect\ecl_boss_purple_poison02.eft
ecl_boss_purple_poison03.eft,3Ddata\Effect\ecl_boss_purple_poison03.eft
ecl_boss_wave01.eft,3DData\Effect\ecl_boss_wave01.eft
ecl_boss_wave02.eft,3DData\Effect\ecl_boss_wave02.eft
,
Jar_boss.EFT,3DData\Effect\Jar_boss.EFT
UniqueSnapper.EFT,3DData\Effect\UniqueSnapper.EFT
UniqueMastyx.EFT,3DData\Effect\UniqueMastyx.EFT
UniqueGolem.EFT,3DData\Effect\UniqueGolem.EFT
UniqueDevourer.EFT,3DData\Effect\UniqueDevourer.EFT
UniqueTerrasaurus.EFT,3DData\Effect\UniqueTerrasaurus.EFT
,
thornie_chargetrail.eft,3DData\Effect\thornie_chargetrail.eft
thornie_firecharge.eft,3DData\Effect\thornie_firecharge.eft
thornie_fireblast.eft,3DData\Effect\thornie_fireblast.eft
thornie_fireBall.eft,3DData\Effect\thornie_fireBall.eft
la_curse.eft,3DData\Effect\la_curse.eft
la_curse_halo.eft,3DData\Effect\la_curse_halo.eft
la_explosion.eft,3DData\Effect\la_explosion.eft
la_laser.eft,3DData\Effect\la_laser.eft
la_laser_hit.eft,3DData\Effect\la_laser_hit.eft
la_halo.eft,3DData\Effect\la_halo.eft
LA_V_SMOKE.EFT,3DData\Effect\LA_V_SMOKE.EFT
la_vernier.eft,3DData\Effect\la_vernier.eft
RA_Fire.EFT,3DData\Effect\RA_Fire.EFT
RA_Fire1.EFT,3DData\Effect\RA_Fire1.EFT
RA_Fire2.EFT,3DData\Effect\RA_Fire2.EFT
LA_EXPLOSION_HIT.EFT,3DData\Effect\LA_EXPLOSION_HIT.EFT
rm_robo_laser.eft,3DData\Effect\rm_robo_laser.eft
RA_Fire_casting.EFT,3DData\Effect\RA_Fire_casting.EFT
Ra_Remove_Buffs.EFT,3DData\Effect\Ra_Remove_Buffs.EFT
,
,
,
_JEMITEM_fire07.eft,3DData\Effect\_JEMITEM_fire07.eft
_JEMITEM_fire08.eft,3DData\Effect\_JEMITEM_fire08.eft
NECROMANCER01.eft,3DData\Effect\NECROMANCER01.EFT
NECROMANCER02.eft,3DData\Effect\NECROMANCER02.EFT
_PRIMEFLAME02.eft,3DData\Effect\_PRIME_FLAME_04.EFT
LIBERTAS_AREA_BLUE_SKILL.eft,3DData\Effect\LIBERTAS_AREA_BLUE_SKILL.EFT
LIBERTAS_AREA_WHITE_SKILL.EFT,3DData\Effect\LIBERTAS_AREA_WHITE_SKILL.EFT
LAGUZ_ICE_SWORD_EXEC01.EFT,3DData\Effect\LAGUZ_ICE_SWORD_EXEC01.EFT
_THUNDER_SPARK02.EFT,3DData\Effect\_THUNDER_SPARK02.EFT
,
,
,
,
,
,
,
,
,
,
,
,
,
,
,
,
,
,
,
Unholy_Drain_Casting.EFT,3DData\Effect\Unholy_Drain_Casting.EFT
Unholy_Drain_Hit.EFT,3DData\Effect\Unholy_Drain_Hit.EFT
Skill_effect1.EFT,3DData\Effect\Skill_effect1.EFT
_BOW_FIRING_MAHX.EFT,3DData\Effect\_BOW_FIRING_MAHX.EFT
Magic_Arrow.EFT,3DData\Effect\Magic_arrow.EFT
Cast_effect1.EFT,3DData\Effect\Cast_effect1.EFT
,
,
,
,
,
,
,
,
,
,
,
,
,
,
,
,
,
,
,
,
,
,
,
,
,
,
,
,
,
,
,
,
,
,
,
,
,
,
,
,
,
,
,
,
,
,
,
,
,
,
,
,
,
,
,
,
,
,
,
,
,
,
,
,
,
,
,
,
,
,
,
,
,
_vampiric_01.eft,3DData\Effect\_vampiric_01.eft
,
,
,
,
,
,
,
,
,
,
,
,
,
,
,
,
,
,
,
_abilityup_01.eft,3DData\Effect\_abilityup_01.eft
_dexup_01.eft ,3DData\Effect\_dexup_01.eft 
_dexdown_01.eft,3DData\Effect\_dexdown_01.eft
_conup_01.eft,3DData\Effect\_conup_01.eft
_condown_01.eft,3DData\Effect\_condown_01.eft
_blink_skill.eft,3DData\Effect\_blink_skill.eft
,
,
,
,
,
,
,
,
,
,
,
,
,
,
,
,
,
,
,
,
,
,
,
,
,
,
,
,
,
,
,
,
,
,
,
,
,
,
,
,
,
,
,
,
,
,
,
,
,
,
,
,
,
,
,
,
,
,
,
,
,
,
,
,
,
,
,
,
,
,
,
,
,
,
,
,
,
,
,
,
,
,
,
,
,
,
,
,
,
,
,
,
,
,
,
,
,
,
,
,
,
,
,
,
,
,
,
,
,
,
,
,
,
,
,
,
,
,
,
,
,
,
,
,
,
,
,
,
,
,
,
,
,
,
,
,
,
,
,
,
,
,
,
,
_start_01.eft,3DData\Effect\_start_01.eft
_finish_01.eft,3DData\Effect\_finish_01.eft
_ready_01.eft,3DData\Effect\_ready_01.eft
_go_01.eft,3DData\Effect\_go_01.eft
_quiet_01.eft,3DData\Effect\_quiet_01.eft
,
_jemitem_effect02_e.eft,3DData\Effect\_jemitem_effect02_e.eft
_jemitem_effect12_e.eft,3DData\Effect\_jemitem_effect12_e.eft
_jemitem_effect22_e.eft,3DData\Effect\_jemitem_effect22_e.eft
,
_jemitem_effect01_e.eft,3DData\Effect\_jemitem_effect01_e.eft
_jemitem_effect11_e.eft,3DData\Effect\_jemitem_effect11_e.eft
_jemitem_effect21_e.eft,3DData\Effect\_jemitem_effect21_e.eft
,
_jemitem_effect04_e.eft,3DData\Effect\_jemitem_effect04_e.eft
_jemitem_effect14_e.eft,3DData\Effect\_jemitem_effect14_e.eft
_jemitem_effect24_e.eft,3DData\Effect\_jemitem_effect24_e.eft
,
_jemitem_effect03_e.eft,3DData\Effect\_jemitem_effect03_e.eft
_jemitem_effect13_e.eft,3DData\Effect\_jemitem_effect13_e.eft
_jemitem_effect23_e.eft,3DData\Effect\_jemitem_effect23_e.eft
,
_jemitem_effect31_e.eft,3DData\Effect\_jemitem_effect31_e.eft
_jemitem_effect32_e.eft,3DData\Effect\_jemitem_effect32_e.eft
_jemitem_effect33_e.eft,3DData\Effect\_jemitem_effect33_e.eft
,
_jemitem_effect05_e.eft,3DData\Effect\_jemitem_effect05_e.eft
_jemitem_effect15_e.eft,3DData\Effect\_jemitem_effect15_e.eft
_jemitem_effect25_e.eft,3DData\Effect\_jemitem_effect25_e.eft
,
,
,
,
,
,
,
,
,
,
,
,
,
,
,
,
,
,
,
,
,
,
,
,
,
,
,
,
,
,
,
,
,
,
,
,
,
,
,
,
,
,
,
,
,
,
,
,
,
,
,
,
,
,
,
,
,
,
,
,
,
,
,
,
,
,
,
,
,
,
,
,
,
,
,
,
,
,
,
,
,
,
,
,
,
,
,
,
,
,
,
,
,
,
,
,
,
,
,
,
,
,
,
,
,
,
,
,
,
,
,
,
,
,
,
,
,
,
,
,
,
,
,
,
,
,
,
,
,
,
,
,
,
,
,
,
,
,
,
,
,
,
,
,
,
,
,
,
,
,
,
,
,
,
,
,
,
,
,
,
,
,
,
,
,
,
,
,
,
,
,
,
,
,
,
,
,
,
,
,
,
,
,
,
,
,
,
,
,
,
,
,
,
,
,
,
,
,
,
,
,
,
,
,
,
,
,
,
,
,
,
,
,
,
,
,
,
,
,
,
,
,
,
,
,
,
,
,
,
,
,
,
,
,
,
,
,
,
,
,
,
,
,
,
,
,
,
,
,
,
,
,
,
,
,
,
,
,
,
,
,
,
,
,
,
,
,
,
,
,
,
,
,
,
,
,
,
,
,
,
,
,
,
,
,
,
,
,
,
,
,
,
,
,
,
,
,
,
,
,
,
,
,
,
,
,
,
,
,
,
,
,
,
,
,
,
,
,
,
,
,
,
,
,
,
,
,
,
,
,
,
,
,
,
,
,
,
,
,
,
,
,
,
,
,
,
,
,
,
,
,
,
,
,
,
,
,
,
,
,
,
,
,
,
,
,
,
,
,
,
,
,
,
,
,
,
,
,
,
,
,
,
,
,
,
,
,
,
,
,
,
,
,
,
,
,
,
,
,
,
,
,
,
,
,
,
,
,
,
,
,
,
,
,
,
,
,
,
,
,
,
,
,
,
,
,
,
,
,
,
,
,
,
,
,
,
,
,
,
,
,
,
,
,
,
,
,
,
,
,
,
,
,
,
,
,
,
,
,
,
,
,
,
,
,
,
,
,
,
,
,
,
,
,
,
,
,
,
,
,
,
,
,
,
,
,
,
,
,
,
,
,
,
,
,
,
,
,
,
,
,
,
,
,
,
,
,
,
,
,
,
,
,
,
,
,
,
,
,
,
,
WPN_EFT_001.eft,3DData\Effect\WPN_EFT_001.eft
WPN_EFT_002.eft,3DData\Effect\WPN_EFT_002.eft
WPN_EFT_003.eft,3DData\Effect\WPN_EFT_003.eft
WPN_EFT_004.eft,3DData\Effect\WPN_EFT_004.eft
WPN_EFT_005.eft,3DData\Effect\WPN_EFT_005.eft
WPN_EFT_006.eft,3DData\Effect\WPN_EFT_006.eft
WPN_EFT_007.eft,3DData\Effect\WPN_EFT_007.eft
WPN_EFT_008.eft,3DData\Effect\WPN_EFT_008.eft
WPN_EFT_009.eft,3DData\Effect\WPN_EFT_009.eft
WPN_EFT_010.eft,3DData\Effect\WPN_EFT_010.eft
WPN_EFT_001_L.eft,3DData\Effect\WPN_EFT_001_L.eft
WPN_EFT_002_L.eft,3DData\Effect\WPN_EFT_002_L.eft
WPN_EFT_003_L.eft,3DData\Effect\WPN_EFT_003_L.eft
WPN_EFT_004_L.eft,3DData\Effect\WPN_EFT_004_L.eft
WPN_EFT_005_L.eft,3DData\Effect\WPN_EFT_005_L.eft
WPN_EFT_006_L.eft,3DData\Effect\WPN_EFT_006_L.eft
WPN_EFT_007_L.eft,3DData\Effect\WPN_EFT_007_L.eft
WPN_EFT_008_L.eft,3DData\Effect\WPN_EFT_008_L.eft
WPN_EFT_009_L.eft,3DData\Effect\WPN_EFT_009_L.eft
WPN_EFT_010_L.eft,3DData\Effect\WPN_EFT_010_L.eft
WPN_EFT_011.eft,3DData\Effect\WPN_EFT_011.eft
WPN_EFT_011_L.eft,3DData\Effect\WPN_EFT_011_L.eft
WPN_EFT_012.eft,3DData\Effect\WPN_EFT_012.eft
WPN_EFT_012_L.eft,3DData\Effect\WPN_EFT_012_L.eft
,
,
,
,
,
,
DTH_EFT_001.eft,3DData\Effect\DTH_EFT_001.eft
DTH_EFT_002.eft,3DData\Effect\DTH_EFT_002.eft
DTH_EFT_003.eft,3DData\Effect\DTH_EFT_003.eft
DTH_EFT_004.eft,3DData\Effect\DTH_EFT_004.eft
DTH_EFT_005.eft,3DData\Effect\DTH_EFT_005.eft
DTH_EFT_006.eft,3DData\Effect\DTH_EFT_006.eft
DTH_EFT_007.eft,3DData\Effect\DTH_EFT_007.eft
DTH_EFT_008.eft,3DData\Effect\DTH_EFT_008.eft
DTH_EFT_009.eft,3DData\Effect\DTH_EFT_009.eft
DTH_EFT_010.eft,3DData\Effect\DTH_EFT_010.eft
DTH_EFT_011.eft,3DData\Effect\DTH_EFT_011.eft
DTH_EFT_012.eft,3DData\Effect\DTH_EFT_012.eft
DTH_EFT_013.eft,3DData\Effect\DTH_EFT_013.eft
DTH_EFT_014.eft,3DData\Effect\DTH_EFT_014.eft
,
,
,
,
,
,
,
,
,
,
,
,
,
,
,
,
,
,
,
,
,
,
,
,
,
,
,
,
,
,
,
,
,
,
,
,
,
,
,
,
,
,
,
,
,
,
,
,
,
,
,
,
,
_BACK_WING_GIB02.eft,3DData\Effect\_BACK_WING_GIB02.eft
WPN_EFT_008.eft,3DData\Effect\WPN_EFT_GIB.eft
WPN_EFT_008_L.eft,3DData\Effect\WPN_EFT_GIB_L.eft
,
_arua_ghost01.eft,3DData\Effect\_arua_ghost01.eft
,
,
,
,
,
,
,
,
,
,
,
,
,
,
,
,
,
,
,
,
,
,
,
,
,
,
,
,
,
,
,
,
,
,
,
,
,
,
,
,
,
,
,
,
,
,
,
,
,
,
,
,
,
,
,
,
,
,
,
,
,
,
,
,
,
,
,
,
,
,
,
,
,
,
,
,
,
,
,
,
,
,
,
,
,
,
,
,
,
,
,
,
,
,
,
,
,
,
,
,
,
,
,
,
,
,
,
,
,
,
,
,
,
,
,
,
,
,
,
,
,
,
,
,
,
,
,
,
,
,
,
,
,
,
,
,
,
,
,
,
,
,
,
,
,
,
FIREWORK_HALL01.EFT,3DData\Effect\FIREWORK_HALL01.EFT
FIREWORK_HALL02.EFT,3DData\Effect\FIREWORK_HALL02.EFT
FIREWORK_HALL03.EFT,3DData\Effect\FIREWORK_HALL03.EFT
,
,
,
,
,
,
,
,
,
FIREWORK_STFU01.EFT,3DData\Effect\FIREWORK_STFU01.EFT
FIREWORK_ARUA01.EFT,3DData\Effect\FIREWORK_ARUA01.EFT
,
,
,
,
,
,
,
,
,
,
,
,
,
,
,
,
,
,
,
,
,
,
,
,
,
,
,
,
,
,
,
,
,
,
,
,
,
,
derp_troll.eft,3DData\Effect\derp_troll.EFT
derp_troll2.eft,3DData\Effect\derp_troll2.EFT
derp_problem.eft,3DData\Effect\derp_problem.EFT
derp_umad.eft,3DData\Effect\derp_umad.EFT
derp_herp.eft,3DData\Effect\derp_herp.EFT
derp_derp.eft,3DData\Effect\derp_derp.EFT
,
,
,
/effect 34,
BOSS_BINGL1.EFT,3Ddata\EFFECT\NEWEFFECT\BOSS_BINGL1.EFT
BOSS_BINGL2.EFT,3Ddata\EFFECT\NEWEFFECT\BOSS_BINGL2.EFT
BOSS_BINGL3.EFT,3Ddata\EFFECT\NEWEFFECT\BOSS_BINGL3.EFT
BOSS_BINGL4.EFT,3Ddata\EFFECT\NEWEFFECT\BOSS_BINGL4.EFT
BOSS_BYGW1.EFT,3Ddata\EFFECT\NEWEFFECT\BOSS_BYGW1.EFT
BOSS_BYGW2.EFT,3Ddata\EFFECT\NEWEFFECT\BOSS_BYGW2.EFT
BOSS_BYSL1.EFT,3Ddata\EFFECT\NEWEFFECT\BOSS_BYSL1.EFT
BOSS_BYSLN1.EFT,3Ddata\EFFECT\NEWEFFECT\BOSS_BYSLN1.EFT
BOSS_ELW1.EFT,3Ddata\EFFECT\NEWEFFECT\BOSS_ELW1.EFT
BOSS_GROUNDDRAGON1.EFT,3Ddata\EFFECT\NEWEFFECT\BOSS_GROUNDDRAGON1.EFT
BOSS_GROUNDDRAGON2.EFT,3Ddata\EFFECT\NEWEFFECT\BOSS_GROUNDDRAGON2.EFT
BOSS_HUOL1.EFT,3Ddata\EFFECT\NEWEFFECT\BOSS_HUOL1.EFT
BOSS_KUANGL1.EFT,3Ddata\EFFECT\NEWEFFECT\BOSS_KUANGL1.EFT
BOSS_KUANGL2.EFT,3Ddata\EFFECT\NEWEFFECT\BOSS_KUANGL2.EFT
BOSS_SHOUHZ1.EFT,3Ddata\EFFECT\NEWEFFECT\BOSS_SHOUHZ1.EFT
BOSS_SHUYW1.EFT,3Ddata\EFFECT\NEWEFFECT\BOSS_SHUYW1.EFT
BOSS_TJXW1.EFT,3Ddata\EFFECT\NEWEFFECT\BOSS_TJXW1.EFT
BOSS_XUEM1.EFT,3Ddata\EFFECT\NEWEFFECT\BOSS_XUEM1.EFT
BOSS_XUEM2.EFT,3Ddata\EFFECT\NEWEFFECT\BOSS_XUEM2.EFT
BOSS_XUEM3.EFT,3Ddata\EFFECT\NEWEFFECT\BOSS_XUEM3.EFT
BOSS_XUENW1.EFT,3Ddata\EFFECT\NEWEFFECT\BOSS_XUENW1.EFT
BOSS_XUENW2.EFT,3Ddata\EFFECT\NEWEFFECT\BOSS_XUENW2.EFT
CJ_01.EFT,3Ddata\EFFECT\NEWEFFECT\CJ_01.EFT
CJ_CYLINDRICAL.EFT,3Ddata\EFFECT\NEWEFFECT\CJ_CYLINDRICAL.EFT
CJ_CYLINDRICAL1.EFT,3Ddata\EFFECT\NEWEFFECT\CJ_CYLINDRICAL1.EFT
CJ_DOOR1.EFT,3Ddata\EFFECT\NEWEFFECT\CJ_DOOR1.EFT
CJ_DOOR2.EFT,3Ddata\EFFECT\NEWEFFECT\CJ_DOOR2.EFT
CJ_DOOR_BINGLONG.EFT,3Ddata\EFFECT\NEWEFFECT\CJ_DOOR_BINGLONG.EFT
CJ_DOOR_RUNA.EFT,3Ddata\EFFECT\NEWEFFECT\CJ_DOOR_RUNA.EFT
CJ_DOOR_XUEMO.EFT,3Ddata\EFFECT\NEWEFFECT\CJ_DOOR_XUEMO.EFT
CJ_DOOR_XUENIUWANG.EFT,3Ddata\EFFECT\NEWEFFECT\CJ_DOOR_XUENIUWANG.EFT
CJ_FOUNTAIN.EFT,3Ddata\EFFECT\NEWEFFECT\CJ_FOUNTAIN.EFT
CJ_ITEM1.EFT,3Ddata\EFFECT\NEWEFFECT\CJ_ITEM1.EFT
CJ_ITEM2.EFT,3Ddata\EFFECT\NEWEFFECT\CJ_ITEM2.EFT
CJ_LIGHT_1.EFT,3Ddata\EFFECT\NEWEFFECT\CJ_LIGHT_1.EFT
CJ_LIGHT_1_2.EFT,3Ddata\EFFECT\NEWEFFECT\CJ_LIGHT_1_2.EFT
CJ_LIGHT_1_3.EFT,3Ddata\EFFECT\NEWEFFECT\CJ_LIGHT_1_3.EFT
CJ_LIGHT_2.EFT,3Ddata\EFFECT\NEWEFFECT\CJ_LIGHT_2.EFT
CJ_LIGHT_2_2.EFT,3Ddata\EFFECT\NEWEFFECT\CJ_LIGHT_2_2.EFT
CJ_LIGHT_BAR.EFT,3Ddata\EFFECT\NEWEFFECT\CJ_LIGHT_BAR.EFT
CJ_PLIGHT_1.EFT,3Ddata\EFFECT\NEWEFFECT\CJ_PLIGHT_1.EFT
CJ_PLIGHT_2.EFT,3Ddata\EFFECT\NEWEFFECT\CJ_PLIGHT_2.EFT
CJ_POINT1.EFT,3Ddata\EFFECT\NEWEFFECT\CJ_POINT1.EFT
CJ_RUNA01.EFT,3Ddata\EFFECT\NEWEFFECT\CJ_RUNA01.EFT
CJ_RUNA02.EFT,3Ddata\EFFECT\NEWEFFECT\CJ_RUNA02.EFT
CJ_SHUIJING.EFT,3Ddata\EFFECT\NEWEFFECT\CJ_SHUIJING.EFT
CJ_SHUIJING1.EFT,3Ddata\EFFECT\NEWEFFECT\CJ_SHUIJING1.EFT
CJ_SHUIJING2.EFT,3Ddata\EFFECT\NEWEFFECT\CJ_SHUIJING2.EFT
CJ_SMOKEW.EFT,3Ddata\EFFECT\NEWEFFECT\CJ_SMOKEW.EFT
CJ_TRANSMISSION.EFT,3Ddata\EFFECT\NEWEFFECT\CJ_TRANSMISSION.EFT
dirlist.txt,3Ddata\EFFECT\NEWEFFECT\dirlist.txt
DJ_JIAN.EFT,3Ddata\EFFECT\NEWEFFECT\DJ_JIAN.EFT
JN_1011.EFT,3Ddata\EFFECT\NEWEFFECT\JN_1011.EFT
JN_1041.EFT,3Ddata\EFFECT\NEWEFFECT\JN_1041.EFT
JN_1051.EFT,3Ddata\EFFECT\NEWEFFECT\JN_1051.EFT
JN_1071.EFT,3Ddata\EFFECT\NEWEFFECT\JN_1071.EFT
JN_1071_1.EFT,3Ddata\EFFECT\NEWEFFECT\JN_1071_1.EFT
JN_1081.EFT,3Ddata\EFFECT\NEWEFFECT\JN_1081.EFT
JN_1081_1.EFT,3Ddata\EFFECT\NEWEFFECT\JN_1081_1.EFT
JN_1091_1.EFT,3Ddata\EFFECT\NEWEFFECT\JN_1091_1.EFT
JN_1101.EFT,3Ddata\EFFECT\NEWEFFECT\JN_1101.EFT
JN_1131_1.EFT,3Ddata\EFFECT\NEWEFFECT\JN_1131_1.EFT
JN_1141.EFT,3Ddata\EFFECT\NEWEFFECT\JN_1141.EFT
JN_1161.EFT,3Ddata\EFFECT\NEWEFFECT\JN_1161.EFT
JN_1161_2.EFT,3Ddata\EFFECT\NEWEFFECT\JN_1161_2.EFT
JN_1181.EFT,3Ddata\EFFECT\NEWEFFECT\JN_1181.EFT
JN_1181_1.EFT,3Ddata\EFFECT\NEWEFFECT\JN_1181_1.EFT
JN_1481.EFT,3Ddata\EFFECT\NEWEFFECT\JN_1481.EFT
JN_2061.EFT,3Ddata\EFFECT\NEWEFFECT\JN_2061.EFT
JN_2061_2.EFT,3Ddata\EFFECT\NEWEFFECT\JN_2061_2.EFT
JN_2261.EFT,3Ddata\EFFECT\NEWEFFECT\JN_2261.EFT
JN_2261_1.EFT,3Ddata\EFFECT\NEWEFFECT\JN_2261_1.EFT
JN_2261_2.EFT,3Ddata\EFFECT\NEWEFFECT\JN_2261_2.EFT
JN_2261_3.EFT,3Ddata\EFFECT\NEWEFFECT\JN_2261_3.EFT
JN_2271.EFT,3Ddata\EFFECT\NEWEFFECT\JN_2271.EFT
JN_2281.EFT,3Ddata\EFFECT\NEWEFFECT\JN_2281.EFT
JN_231.EFT,3Ddata\EFFECT\NEWEFFECT\JN_231.EFT
JN_2331.EFT,3Ddata\EFFECT\NEWEFFECT\JN_2331.EFT
JN_2361.EFT,3Ddata\EFFECT\NEWEFFECT\JN_2361.EFT
JN_2361_1.EFT,3Ddata\EFFECT\NEWEFFECT\JN_2361_1.EFT
JN_2371.EFT,3Ddata\EFFECT\NEWEFFECT\JN_2371.EFT
JN_2381.EFT,3Ddata\EFFECT\NEWEFFECT\JN_2381.EFT
JN_2391.EFT,3Ddata\EFFECT\NEWEFFECT\JN_2391.EFT
JN_2411.EFT,3Ddata\EFFECT\NEWEFFECT\JN_2411.EFT
JN_271.EFT,3Ddata\EFFECT\NEWEFFECT\JN_271.EFT
JN_441.EFT,3Ddata\EFFECT\NEWEFFECT\JN_441.EFT
JN_471.EFT,3Ddata\EFFECT\NEWEFFECT\JN_471.EFT
JN_531.EFT,3Ddata\EFFECT\NEWEFFECT\JN_531.EFT
JN_571.EFT,3Ddata\EFFECT\NEWEFFECT\JN_571.EFT
JN_841.EFT,3Ddata\EFFECT\NEWEFFECT\JN_841.EFT
JN_871.EFT,3Ddata\EFFECT\NEWEFFECT\JN_871.EFT
JN_HIT0.EFT,3Ddata\EFFECT\NEWEFFECT\JN_HIT0.EFT
JN_J.EFT,3Ddata\EFFECT\NEWEFFECT\JN_J.EFT
PET_PHOENIX.EFT,3Ddata\EFFECT\NEWEFFECT\PET_PHOENIX.EFT
PICTURE1.EFT,3Ddata\EFFECT\NEWEFFECT\PICTURE1.EFT
PICTURE1_1.EFT,3Ddata\EFFECT\NEWEFFECT\PICTURE1_1.EFT
SH61.EFT,3Ddata\EFFECT\NEWEFFECT\SH61.EFT
ST_DE+.EFT,3Ddata\EFFECT\NEWEFFECT\ST_DE+.EFT
ST_DE-.EFT,3Ddata\EFFECT\NEWEFFECT\ST_DE-.EFT
ST_H1.EFT,3Ddata\EFFECT\NEWEFFECT\ST_H1.EFT
WORD_1.EFT,3Ddata\EFFECT\NEWEFFECT\WORD_1.EFT
WORD_SUCCESSFUL.EFT,3Ddata\EFFECT\NEWEFFECT\WORD_SUCCESSFUL.EFT
WORD_UNSUCCESSFUL.EFT,3Ddata\EFFECT\NEWEFFECT\WORD_UNSUCCESSFUL.EFT
_1_FACE_ANGRY.EFT,3Ddata\EFFECT\NEWEFFECT\_1_FACE_ANGRY.EFT
_1_FACE_CRY.EFT,3Ddata\EFFECT\NEWEFFECT\_1_FACE_CRY.EFT
_1_FACE_DIE.EFT,3Ddata\EFFECT\NEWEFFECT\_1_FACE_DIE.EFT
_1_FACE_DISDAIN.EFT,3Ddata\EFFECT\NEWEFFECT\_1_FACE_DISDAIN.EFT
_1_FACE_DIZZY.EFT,3Ddata\EFFECT\NEWEFFECT\_1_FACE_DIZZY.EFT
_1_FACE_GATHER.EFT,3Ddata\EFFECT\NEWEFFECT\_1_FACE_GATHER.EFT
_1_FACE_GO.EFT,3Ddata\EFFECT\NEWEFFECT\_1_FACE_GO.EFT
_1_FACE_GRIEVANCE.EFT,3Ddata\EFFECT\NEWEFFECT\_1_FACE_GRIEVANCE.EFT
_1_FACE_HAPPY.EFT,3Ddata\EFFECT\NEWEFFECT\_1_FACE_HAPPY.EFT
_1_FACE_HELP.EFT,3Ddata\EFFECT\NEWEFFECT\_1_FACE_HELP.EFT
_1_FACE_HIDROPOIETIC.EFT,3Ddata\EFFECT\NEWEFFECT\_1_FACE_HIDROPOIETIC.EFT
_1_FACE_KISS.EFT,3Ddata\EFFECT\NEWEFFECT\_1_FACE_KISS.EFT
_1_FACE_LOVELY.EFT,3Ddata\EFFECT\NEWEFFECT\_1_FACE_LOVELY.EFT
_1_FACE_QUANDARY.EFT,3Ddata\EFFECT\NEWEFFECT\_1_FACE_QUANDARY.EFT
_1_FACE_QUERY.EFT,3Ddata\EFFECT\NEWEFFECT\_1_FACE_QUERY.EFT
_1_FACE_RETREAT.EFT,3Ddata\EFFECT\NEWEFFECT\_1_FACE_RETREAT.EFT
_1_FACE_SEXY.EFT,3Ddata\EFFECT\NEWEFFECT\_1_FACE_SEXY.EFT
_1_FACE_SINISMILE.EFT,3Ddata\EFFECT\NEWEFFECT\_1_FACE_SINISMILE.EFT
_1_FACE_SLEEPY.EFT,3Ddata\EFFECT\NEWEFFECT\_1_FACE_SLEEPY.EFT
_1_FACE_SNOOTY.EFT,3Ddata\EFFECT\NEWEFFECT\_1_FACE_SNOOTY.EFT
_1_FACE_SURPRISE.EFT,3Ddata\EFFECT\NEWEFFECT\_1_FACE_SURPRISE.EFT
_1_STAR1.EFT,3Ddata\EFFECT\NEWEFFECT\_1_STAR1.EFT
_1_STAR2.EFT,3Ddata\EFFECT\NEWEFFECT\_1_STAR2.EFT
_1_STAR3.EFT,3Ddata\EFFECT\NEWEFFECT\_1_STAR3.EFT
_1_STAR4.EFT,3Ddata\EFFECT\NEWEFFECT\_1_STAR4.EFT
_1_STAR5.EFT,3Ddata\EFFECT\NEWEFFECT\_1_STAR5.EFT
_1_STAR6.EFT,3Ddata\EFFECT\NEWEFFECT\_1_STAR6.EFT
_1_STAR7.EFT,3Ddata\EFFECT\NEWEFFECT\_1_STAR7.EFT
_1_STAR8.EFT,3Ddata\EFFECT\NEWEFFECT\_1_STAR8.EFT
_1_STAR9.EFT,3Ddata\EFFECT\NEWEFFECT\_1_STAR9.EFT
_1_STAR_10_1.EFT,3Ddata\EFFECT\NEWEFFECT\_1_STAR_10_1.EFT
_1_STAR_10_2.EFT,3Ddata\EFFECT\NEWEFFECT\_1_STAR_10_2.EFT
_1_STAR_10_3.EFT,3Ddata\EFFECT\NEWEFFECT\_1_STAR_10_3.EFT
_1_STAR_10_4.EFT,3Ddata\EFFECT\NEWEFFECT\_1_STAR_10_4.EFT
_1_STAR_11_1.EFT,3Ddata\EFFECT\NEWEFFECT\_1_STAR_11_1.EFT
_1_STAR_11_2.EFT,3Ddata\EFFECT\NEWEFFECT\_1_STAR_11_2.EFT
_1_STAR_11_3.EFT,3Ddata\EFFECT\NEWEFFECT\_1_STAR_11_3.EFT
_1_STAR_11_4.EFT,3Ddata\EFFECT\NEWEFFECT\_1_STAR_11_4.EFT
_1_STAR_12_1.EFT,3Ddata\EFFECT\NEWEFFECT\_1_STAR_12_1.EFT
_1_STAR_12_2.EFT,3Ddata\EFFECT\NEWEFFECT\_1_STAR_12_2.EFT
_1_STAR_12_3.EFT,3Ddata\EFFECT\NEWEFFECT\_1_STAR_12_3.EFT
_1_STAR_12_4.EFT,3Ddata\EFFECT\NEWEFFECT\_1_STAR_12_4.EFT
_1_STAR_13_1.EFT,3Ddata\EFFECT\NEWEFFECT\_1_STAR_13_1.EFT
_1_STAR_13_2.EFT,3Ddata\EFFECT\NEWEFFECT\_1_STAR_13_2.EFT
_1_STAR_13_3.EFT,3Ddata\EFFECT\NEWEFFECT\_1_STAR_13_3.EFT
_1_STAR_13_4.EFT,3Ddata\EFFECT\NEWEFFECT\_1_STAR_13_4.EFT
_1_STAR_1_1.EFT,3Ddata\EFFECT\NEWEFFECT\_1_STAR_1_1.EFT
_1_STAR_1_2.EFT,3Ddata\EFFECT\NEWEFFECT\_1_STAR_1_2.EFT
_1_STAR_1_3.EFT,3Ddata\EFFECT\NEWEFFECT\_1_STAR_1_3.EFT
_1_STAR_1_4.EFT,3Ddata\EFFECT\NEWEFFECT\_1_STAR_1_4.EFT
_1_STAR_2_1.EFT,3Ddata\EFFECT\NEWEFFECT\_1_STAR_2_1.EFT
_1_STAR_2_2.EFT,3Ddata\EFFECT\NEWEFFECT\_1_STAR_2_2.EFT
_1_STAR_2_3.EFT,3Ddata\EFFECT\NEWEFFECT\_1_STAR_2_3.EFT
_1_STAR_2_4.EFT,3Ddata\EFFECT\NEWEFFECT\_1_STAR_2_4.EFT
_1_STAR_3_1.EFT,3Ddata\EFFECT\NEWEFFECT\_1_STAR_3_1.EFT
_1_STAR_3_2.EFT,3Ddata\EFFECT\NEWEFFECT\_1_STAR_3_2.EFT
_1_STAR_3_3.EFT,3Ddata\EFFECT\NEWEFFECT\_1_STAR_3_3.EFT
_1_STAR_3_4.EFT,3Ddata\EFFECT\NEWEFFECT\_1_STAR_3_4.EFT
_1_STAR_4_1.EFT,3Ddata\EFFECT\NEWEFFECT\_1_STAR_4_1.EFT
_1_STAR_4_2.EFT,3Ddata\EFFECT\NEWEFFECT\_1_STAR_4_2.EFT
_1_STAR_4_3.EFT,3Ddata\EFFECT\NEWEFFECT\_1_STAR_4_3.EFT
_1_STAR_4_4.EFT,3Ddata\EFFECT\NEWEFFECT\_1_STAR_4_4.EFT
_1_STAR_5_1.EFT,3Ddata\EFFECT\NEWEFFECT\_1_STAR_5_1.EFT
_1_STAR_5_2.EFT,3Ddata\EFFECT\NEWEFFECT\_1_STAR_5_2.EFT
_1_STAR_5_3.EFT,3Ddata\EFFECT\NEWEFFECT\_1_STAR_5_3.EFT
_1_STAR_5_4.EFT,3Ddata\EFFECT\NEWEFFECT\_1_STAR_5_4.EFT
_1_STAR_6_1.EFT,3Ddata\EFFECT\NEWEFFECT\_1_STAR_6_1.EFT
_1_STAR_6_2.EFT,3Ddata\EFFECT\NEWEFFECT\_1_STAR_6_2.EFT
_1_STAR_6_3.EFT,3Ddata\EFFECT\NEWEFFECT\_1_STAR_6_3.EFT
_1_STAR_6_4.EFT,3Ddata\EFFECT\NEWEFFECT\_1_STAR_6_4.EFT
_1_STAR_7_1.EFT,3Ddata\EFFECT\NEWEFFECT\_1_STAR_7_1.EFT
_1_STAR_7_2.EFT,3Ddata\EFFECT\NEWEFFECT\_1_STAR_7_2.EFT
_1_STAR_7_3.EFT,3Ddata\EFFECT\NEWEFFECT\_1_STAR_7_3.EFT
_1_STAR_7_4.EFT,3Ddata\EFFECT\NEWEFFECT\_1_STAR_7_4.EFT
_1_STAR_8_1.EFT,3Ddata\EFFECT\NEWEFFECT\_1_STAR_8_1.EFT
_1_STAR_8_2.EFT,3Ddata\EFFECT\NEWEFFECT\_1_STAR_8_2.EFT
_1_STAR_8_3.EFT,3Ddata\EFFECT\NEWEFFECT\_1_STAR_8_3.EFT
_1_STAR_8_4.EFT,3Ddata\EFFECT\NEWEFFECT\_1_STAR_8_4.EFT
_1_STAR_9_1.EFT,3Ddata\EFFECT\NEWEFFECT\_1_STAR_9_1.EFT
_1_STAR_9_2.EFT,3Ddata\EFFECT\NEWEFFECT\_1_STAR_9_2.EFT
_1_STAR_9_3.EFT,3Ddata\EFFECT\NEWEFFECT\_1_STAR_9_3.EFT
_1_STAR_9_4.EFT,3Ddata\EFFECT\NEWEFFECT\_1_STAR_9_4.EFT
CHUANGHU01.EFT,3Ddata\EFFECT\CHUANGHU01.EFT
CHUANGHU02.EFT,3Ddata\EFFECT\CHUANGHU02.EFT
CHUANGHU03.EFT,3Ddata\EFFECT\CHUANGHU03.EFT
CHUANGHU04.EFT,3Ddata\EFFECT\CHUANGHU04.EFT
CHUANGHU05.EFT,3Ddata\EFFECT\CHUANGHU05.EFT
CHUANGHU06.EFT,3Ddata\EFFECT\CHUANGHU06.EFT
CLANWAR.EFT,3Ddata\EFFECT\CLANWAR.EFT
dirlist.txt,3Ddata\EFFECT\dirlist.txt
EFFECTMESH,3Ddata\EFFECT\EFFECTMESH
FANGZI03.EFT,3Ddata\EFFECT\FANGZI03.EFT
FANGZI04.EFT,3Ddata\EFFECT\FANGZI04.EFT
FANGZI05.EFT,3Ddata\EFFECT\FANGZI05.EFT
FEIWEN.EFT,3Ddata\EFFECT\FEIWEN.EFT
FS_HUOQIUSHUZB.EFT,3Ddata\EFFECT\FS_HUOQIUSHUZB.EFT
FS_MOFADANZB.EFT,3Ddata\EFFECT\FS_MOFADANZB.EFT
FS_MOFAFEGNYINSF.EFT,3Ddata\EFFECT\FS_MOFAFEGNYINSF.EFT
FS_MOFAFENGYINMB.EFT,3Ddata\EFFECT\FS_MOFAFENGYINMB.EFT
FS_MOFAGUANGDANZB.EFT,3Ddata\EFFECT\FS_MOFAGUANGDANZB.EFT
GATEBLUE.EFT,3Ddata\EFFECT\GATEBLUE.EFT
GUANGZHU02.EFT,3Ddata\EFFECT\GUANGZHU02.EFT
HSFB_MEN.EFT,3Ddata\EFFECT\HSFB_MEN.EFT
HSMENQ01.EFT,3Ddata\EFFECT\HSMENQ01.EFT
HSMENQ02.EFT,3Ddata\EFFECT\HSMENQ02.EFT
HSSTONE01.EFT,3Ddata\EFFECT\HSSTONE01.EFT
JINGSHENXUANWO.EFT,3Ddata\EFFECT\JINGSHENXUANWO.EFT
JJC_Z02WINTX.EFT,3Ddata\EFFECT\JJC_Z02WINTX.EFT
KISS_ALL HEAL.EFT,3Ddata\EFFECT\KISS_ALL HEAL.EFT
LINGHUNXILI.EFT,3Ddata\EFFECT\LINGHUNXILI.EFT
L_01.EFT,3Ddata\EFFECT\L_01.EFT
L_02.EFT,3Ddata\EFFECT\L_02.EFT
L_03.EFT,3Ddata\EFFECT\L_03.EFT
L_04.EFT,3Ddata\EFFECT\L_04.EFT
L_05.EFT,3Ddata\EFFECT\L_05.EFT
L_06.EFT,3Ddata\EFFECT\L_06.EFT
L_08.EFT,3Ddata\EFFECT\L_08.EFT
L_10.EFT,3Ddata\EFFECT\L_10.EFT
L_11.EFT,3Ddata\EFFECT\L_11.EFT
L_12BAR.EFT,3Ddata\EFFECT\L_12BAR.EFT
L_13JIEHA5.EFT,3Ddata\EFFECT\L_13JIEHA5.EFT
L_14CHUSHENGWU.EFT,3Ddata\EFFECT\L_14CHUSHENGWU.EFT
L_15CHURCH.EFT,3Ddata\EFFECT\L_15CHURCH.EFT
MENGMOZHINIAN.EFT,3Ddata\EFFECT\MENGMOZHINIAN.EFT
MOTION,3Ddata\EFFECT\MOTION
M_ILOVEYOU_01.EFT,3Ddata\EFFECT\M_ILOVEYOU_01.EFT
NEWEFFECT,3Ddata\EFFECT\NEWEFFECT
PARTICLES,3Ddata\EFFECT\PARTICLES
QS_HUANSUZHIJIANMB.EFT,3Ddata\EFFECT\QS_HUANSUZHIJIANMB.EFT
QS_SHEJISF.EFT,3Ddata\EFFECT\QS_SHEJISF.EFT
QS_ZHILIAOSHUSF.EFT,3Ddata\EFFECT\QS_ZHILIAOSHUSF.EFT
Q_FS_SHENGGUANGBILEI.EFT,3Ddata\EFFECT\Q_FS_SHENGGUANGBILEI.EFT
Q_FS_SHENGGUANGBILEI_A.EFT,3Ddata\EFFECT\Q_FS_SHENGGUANGBILEI_A.EFT
Q_GONGXI.EFT,3Ddata\EFFECT\Q_GONGXI.EFT
RAINBOW.EFT,3Ddata\EFFECT\RAINBOW.EFT
RD_SHANDIAN.EFT,3Ddata\EFFECT\RD_SHANDIAN.EFT
SHENGGUANGCAIJIE.EFT,3Ddata\EFFECT\SHENGGUANGCAIJIE.EFT
SHIMEN.EFT,3Ddata\EFFECT\SHIMEN.EFT
TEXTURE,3Ddata\EFFECT\TEXTURE
TITLE.EFT,3Ddata\EFFECT\TITLE.EFT
TITLE2.EFT,3Ddata\EFFECT\TITLE2.EFT
WU.EFT,3Ddata\EFFECT\WU.EFT
WUDAO0001.EFT,3Ddata\EFFECT\WUDAO0001.EFT
WUDAO0002.EFT,3Ddata\EFFECT\WUDAO0002.EFT
WUDAO0003.EFT,3Ddata\EFFECT\WUDAO0003.EFT
WUDAO0004.EFT,3Ddata\EFFECT\WUDAO0004.EFT
WUDAO0005.EFT,3Ddata\EFFECT\WUDAO0005.EFT
WUDAO0006.EFT,3Ddata\EFFECT\WUDAO0006.EFT
WUDAO0007.EFT,3Ddata\EFFECT\WUDAO0007.EFT
WUDAO0008.EFT,3Ddata\EFFECT\WUDAO0008.EFT
WUDAO01.EFT,3Ddata\EFFECT\WUDAO01.EFT
WUDAO02.EFT,3Ddata\EFFECT\WUDAO02.EFT
WUDAO03.EFT,3Ddata\EFFECT\WUDAO03.EFT
WUDAO04.EFT,3Ddata\EFFECT\WUDAO04.EFT
WUDAO05.EFT,3Ddata\EFFECT\WUDAO05.EFT
WUDAO06.EFT,3Ddata\EFFECT\WUDAO06.EFT
WUDAO07.EFT,3Ddata\EFFECT\WUDAO07.EFT
WUDAO08.EFT,3Ddata\EFFECT\WUDAO08.EFT
WUNIANG_01.EFT,3Ddata\EFFECT\WUNIANG_01.EFT
WUNIANG_02.EFT,3Ddata\EFFECT\WUNIANG_02.EFT
WUNIANG_03.EFT,3Ddata\EFFECT\WUNIANG_03.EFT
XINLINCHONGJI.EFT,3Ddata\EFFECT\XINLINCHONGJI.EFT
YANHUA_F01.EFT,3Ddata\EFFECT\YANHUA_F01.EFT
YANHUA_F02.EFT,3Ddata\EFFECT\YANHUA_F02.EFT
Y_CK_XUNJI.EFT,3Ddata\EFFECT\Y_CK_XUNJI.EFT
Y_FENGHUANG_01.EFT,3Ddata\EFFECT\Y_FENGHUANG_01.EFT
Y_FENGHUANG_02.EFT,3Ddata\EFFECT\Y_FENGHUANG_02.EFT
Y_FS_MENGMO_06.EFT,3Ddata\EFFECT\Y_FS_MENGMO_06.EFT
Y_FS_MOFAFENGYIN_01.EFT,3Ddata\EFFECT\Y_FS_MOFAFENGYIN_01.EFT
Y_FS_MOFAFENGYIN_02.EFT,3Ddata\EFFECT\Y_FS_MOFAFENGYIN_02.EFT
Y_KISS_ZIDAN_01.EFT,3Ddata\EFFECT\Y_KISS_ZIDAN_01.EFT
Y_KISS_ZIDAN_02.EFT,3Ddata\EFFECT\Y_KISS_ZIDAN_02.EFT
Y_KISS_ZILIAO_01.EFT,3Ddata\EFFECT\Y_KISS_ZILIAO_01.EFT
Y_QS_FUHUOSHU_01.EFT,3Ddata\EFFECT\Y_QS_FUHUOSHU_01.EFT
Y_QS_FUHUOSHU_02.EFT,3Ddata\EFFECT\Y_QS_FUHUOSHU_02.EFT
Y_XINGJITEXIAO_04.EFT,3Ddata\EFFECT\Y_XINGJITEXIAO_04.EFT
Y_XINGJITEXIAO_05.EFT,3Ddata\EFFECT\Y_XINGJITEXIAO_05.EFT
Y_XINGJITEXIAO_06.EFT,3Ddata\EFFECT\Y_XINGJITEXIAO_06.EFT
Y_XINGJITEXIAO_07.EFT,3Ddata\EFFECT\Y_XINGJITEXIAO_07.EFT
Y_XINGJITEXIAO_08.EFT,3Ddata\EFFECT\Y_XINGJITEXIAO_08.EFT
Y_XINGJITEXIAO_09.EFT,3Ddata\EFFECT\Y_XINGJITEXIAO_09.EFT
Y_XUEQIU_QIU.EFT,3Ddata\EFFECT\Y_XUEQIU_QIU.EFT
Z_CK_FANGYUDAOYAN.EFT,3Ddata\EFFECT\Z_CK_FANGYUDAOYAN.EFT
Z_FS_TIANSHIZHUFU.EFT,3Ddata\EFFECT\Z_FS_TIANSHIZHUFU.EFT
Z_QS_FUHUOSHUSF.EFT,3Ddata\EFFECT\Z_QS_FUHUOSHUSF.EFT
_HILL_STONE_02.EFT,3Ddata\EFFECT\_HILL_STONE_02.EFT
_MANA_FIING_01_01.EFT,3Ddata\EFFECT\_MANA_FIING_01_01.EFT
_MANA_HIT_06.EFT,3Ddata\EFFECT\_MANA_HIT_06.EFT
_TWINKLE_RD.EFT,3Ddata\EFFECT\_TWINKLE_RD.EFT
KARKIA_EXPLOSION.EFT,3Ddata\EFFECT\KARKIA_EXPLOSION.EFT
Monkey_Emote.EFT,3Ddata\EFFECT\Monkey_Emote.EFT
,
Stars.eft,3Ddata\EFFECT\Stars.eft
,
,
,
,
,
,
,
,
,
,
,
,
,
,
,
,
,
,
,
,
,
,
,
,
,
,
,
,
,
,
,
,
,
,
,
,
,
,
,
,
,
,
,
,
,
,
,
,
,
,
,
,
,
,
,
,
,
,
,
,
,
,
,
,
,
,
,
,
,
,
,
,
,
,
,
,
,
,
,
,
,
,
,
,
,
,
,
,
,
,
,
,
,
,
,
,
,
,
,
,
,
,
,
,
,
,
,
,
,
,
,
,
,
,
,
,
,
,
,
,
,
,
,
,
,
,
,
,
,
,
,
,
,
,
,
,
,
,
,
,
,
,
,
,
,
,
,
,
,
,
,
,
,
,
,
,
,
,
,
,
,
,
,
,
,
,
,
,
,
,
,
,
,
,
,
,
,
,
,
,
,
,
,
,
,
,
,
,
,
,
,
,
,
,
,
,
,
,
,
,
,
,
,
,
,
,
,
