,,Seasonal Event,,,
3DDATA\Control\Loading\WORLDCUPEVENT.dds,0,7,,,
3DData\Control\Loading\SUNSHINECOAST.jpg,0,3,,,
3DData\Control\Loading\VALENTINES.jpg,0,1,,,
,,,,,
,,,,,
,,,,,
,,,,,
,,,,,
,,,,,
,,,,,
,,,,,
,,,,,
,,,,,
,,,,,
,,,,,
,,,,,
,,,,,
,,,,,
,,,,,
3DData\Control\Loading\Event\loadingscreen25.jpg,1,,,,
3DData\Control\Loading\Event\screenloaderdaren.jpg,2,,,,
3DData\Control\Loading\Event\screenloaderdealer.jpg,2,,,,
3DData\Control\Loading\Event\screenloaderhawker.jpg,2,,,,
3DData\Control\Loading\Event\screenloadermuse.jpg,2,,,,
3DData\Control\Loading\Event\screenloadersoldier.jpg,2,,,,
3DData\Control\Loading\Event\screenloaderdolphin.jpg,3,,,,
3DData\Control\Loading\Event\screenloaderdealer.jpg,6,,,,
3DData\Control\Loading\Event\screenloaderhawker.jpg,6,,,,
3DData\Control\Loading\Event\screenloadermuse.jpg,6,,,,
3DData\Control\Loading\Event\screenloadersoldier.jpg,6,,,,
3DData\Control\Loading\Event\screenloaderdealer.jpg,7,,,,
3DData\Control\Loading\Event\screenloaderhawker.jpg,7,,,,
3DData\Control\Loading\Event\screenloadermuse.jpg,7,,,,
3DData\Control\Loading\Event\screenloadersoldier.jpg,7,,,,
3DData\Control\Loading\Event\screenloaderdealer.jpg,9,,,,
3DData\Control\Loading\Event\screenloaderhawker.jpg,9,,,,
3DData\Control\Loading\Event\screenloadermuse.jpg,9,,,,
3DData\Control\Loading\Event\screenloadersoldier.jpg,9,,,,
3DData\Control\Loading\Event\loadingscreen30.jpg,15,,,,
3DData\Control\Loading\Event\screenloaderclan.jpg,16,,,,
3DData\Control\Loading\Event\loadingscreen30.jpg,16,,,,
3DData\Control\Loading\Event\screenloaderbirthisland.jpg,20,,,,
3DData\Control\Loading\Event\screenloadervalleyoflux.jpg,21,,,,
3DData\Control\Loading\Event\screenloaderadventurers.jpg,22,,,,
3DData\Control\Loading\Event\screenloaderbreezy.jpg,23,,,,
3DData\Control\Loading\Event\screenloaderelverloon.jpg,24,,,,
3DData\Control\Loading\Event\screenloaderanima.jpg,25,,,,
3DData\Control\Loading\Event\screenloaderforestofwis.jpg,26,,,,
3DData\Control\Loading\Event\screenloaderkenji.jpg,27,,,,
3DData\Control\Loading\Event\screenloadergorge.jpg,28,,,,
3DData\Control\Loading\Event\screenloaderdesert.jpg,29,,,,
3DData\Control\Loading\Event\screenloadergoblincave.jpg,31,,,,
3DData\Control\Loading\Event\screenloadergoblincave.jpg,32,,,,
3DData\Control\Loading\Event\screenloadergoblincave.jpg,33,,,,
3DData\Control\Loading\Event\screenloadereucar.jpg,502,,,,
3DData\Control\Loading\LunaNPC.jpg,502,,,,
3DData\Control\Loading\Event\screenloaderslag.jpg,502,,,,
3DData\Control\RES\LOADING.DDS,502,,,,
3DData\Control\Loading\Event\screenloadereldeon.jpg,503,,,,
3DData\Control\Loading\Event\screenloaderbehemoth.jpg,55,,,,
3DData\Control\Loading\Event\screenloaderfreezing.jpg,55,,,,
3DData\Control\Loading\Event\screenloadertemple.jpg,56,,,,
3DData\Control\Loading\Event\screenloadertemple.jpg,56,,,,
3DData\Control\RES\LOADING.DDS,503,,,,
3DData\Control\Loading\Oro Loading 1.jpg,75,,,,
3DData\Control\Loading\Oro Loading 2.jpg,72,,,,
3DData\Control\Loading\Oro Loading 1.jpg,71,,,,
3DData\Control\Loading\Oro Loading 1.jpg,80,,,,
3DData\Control\Loading\Oro Loading 2.jpg,82,,,,
3DData\Control\Loading\Event\screenloaderastarot.jpg,59,,,,
,,,,,
3DData\Control\Loading\xmas10-2.jpg,89,,,,
3DData\Control\Loading\xmas10-3.jpg,89,,,,
3DData\Control\Loading\xmas10-4.jpg,89,,,,
3DData\Control\Loading\xmas10-5.jpg,89,,,,
3DData\Control\Loading\instance1.jpg,70,,,,
3DData\Control\Loading\instance2.jpg,76,,,,
3DData\Control\Loading\instance1.jpg,77,,,,
3DData\Control\Loading\instance2.jpg,78,,,,
3DData\Control\Loading\instance1.jpg,79,,,,
,,,,,
3DData\Control\Loading\prison1.jpg,65,,,,
3DData\Control\Loading\prison1.jpg,68,,,,
3DData\Control\Loading\prison1.jpg,69,,,,
,,,,,
3Ddata\Control\LOADING\Karkia\Karkia_loading.dds,130,,,,
3Ddata\Control\LOADING\Karkia\Karkia_loading.dds,131,,,,
,,,,,
3DData\Control\Loading\SUNSHINECOAST.jpg,90,,,,
,,,,,
,,,,,
,,,,,
,,,,,
,,,,,
,,,,,
,,,,,
,,,,,
,,,,,
,,,,,
,,,,,
,,,,,
,,,,,
,,,,,
,,,,,
,,,,,
,,,,,
,,,,,
,,,,,
,,,,,
,,,,,
,,,,,
,,,,,
,,,,,
,,,,,
,,,,,
,,,,,
,,,,,
,,,,,
,,,,,
,,,,,
,,,,,
,,,,,
,,,,,
,,,,,
,,,,,
,,,,,
,,,,,
,,,,,
,,,,,
,,,,,
,,,,,
,,,,,
,,,,,
,,,,,
,,,,,
,,,,,
,,,,,
,,,,,
,,,,,
,,,,,
,,,,,
,,,,,
,,,,,
,,,,,
,,,,,
,,,,,
,,,,,
,,,,,
,,,,,
,,,,,
,,,,,
,,,,,
,,,,,
,,,,,
,,,,,
,,,,,
,,,,,
,,,,,
,,,,,
,,,,,
,,,,,
,,,,,
,,,,,
,,,,,
,,,,,
,,,,,
,,,,,
,,,,,
,,,,,
,,,,,
,,,,,
,,,,,
,,,,,
,,,,,
,,,,,
,,,,,
,,,,,
,,,,,
,,,,,
,,,,,
,,,,,
,,,,,
,,,,,
,,,,,
,,,,,
,,,,,
,,,,,
,,,,,
,,,,,
,,,,,
,,,,,
,,,,,
,,,,,
,,,,,
,,,,,
,,,,,
,,,,,
,,,,,
,,,,,
,,,,,
,,,,,
,,,,,
,,,,,
,,,,,
,,,,,
,,,,,
,,,,,
,,,,,
,,,,,
,,,,,
,,,,,
,,,,,
,,,,,
,,,,,
,,,,,
,,,,,
,,,,,
,,,,,
,,,,,
,,,,,
,,,,,
,,,,,
,,,,,
,,,,,
,,,,,
,,,,,
,,,,,
,,,,,
,,,,,
,,,,,
,,,,,
,,,,,
,,,,,
,,,,,
,,,,,
,,,,,
,,,,,
,,,,,
,,,,,
,,,,,
,,,,,
,,,,,
,,,,,
,,,,,
,,,,,
,,,,,
,,,,,
,,,,,
,,,,,
,,,,,
,,,,,
,,,,,
,,,,,
,,,,,
,,,,,
,,,,,
,,,,,
,,,,,
,,,,,
,,,,,
,,,,,
,,,,,
,,,,,
,,,,,
,,,,,
,,,,,
,,,,,
,,,,,
,,,,,
,,,,,
,,,,,
,,,,,
,,,,,
,,,,,
,,,,,
,,,,,
,,,,,
,,,,,
,,,,,
,,,,,
,,,,,
,,,,,
,,,,,
,,,,,
,,,,,
,,,,,
,,,,,
,,,,,
,,,,,
,,,,,
,,,,,
,,,,,
,,,,,
,,,,,
,,,,,
,,,,,
,,,,,
,,,,,
,,,,,
,,,,,
,,,,,
,,,,,
,,,,,
,,,,,
,,,,,
,,,,,
,,,,,
,,,,,
,,,,,
,,,,,
,,,,,
,,,,,
,,,,,
,,,,,
,,,,,
,,,,,
,,,,,
,,,,,
,,,,,
,,,,,
,,,,,
,,,,,
,,,,,
,,,,,
,,,,,
,,,,,
,,,,,
,,,,,
,,,,,
,,,,,
,,,,,
,,,,,
,,,,,
,,,,,
,,,,,
,,,,,
,,,,,
,,,,,
,,,,,
,,,,,
,,,,,
,,,,,
,,,,,
,,,,,
,,,,,
,,,,,
,,,,,
,,,,,
,,,,,
,,,,,
,,,,,
,,,,,
,,,,,
,,,,,
,,,,,
,,,,,
,,,,,
,,,,,
,,,,,
,,,,,
,,,,,
,,,,,
,,,,,
,,,,,
,,,,,
,,,,,
,,,,,
,,,,,
,,,,,
,,,,,
,,,,,
,,,,,
,,,,,
,,,,,
,,,,,
,,,,,
,,,,,
,,,,,
,,,,,
,,,,,
,,,,,
,,,,,
,,,,,
,,,,,
,,,,,
,,,,,
,,,,,
,,,,,
,,,,,
,,,,,
,,,,,
,,,,,
,,,,,
,,,,,
,,,,,
,,,,,
,,,,,
,,,,,
,,,,,
,,,,,
,,,,,
,,,,,
,,,,,
,,,,,
,,,,,
,,,,,
,,,,,
,,,,,
,,,,,
,,,,,
,,,,,
,,,,,
,,,,,
,,,,,
,,,,,
,,,,,
,,,,,
,,,,,
,,,,,
,,,,,
,,,,,
,,,,,
,,,,,
,,,,,
,,,,,
,,,,,
,,,,,
,,,,,
,,,,,
,,,,,
,,,,,
,,,,,
,,,,,
,,,,,
,,,,,
,,,,,
,,,,,
,,,,,
,,,,,
,,,,,
,,,,,
,,,,,
,,,,,
,,,,,
,,,,,
,,,,,
,,,,,
,,,,,
,,,,,
,,,,,
,,,,,
,,,,,
,,,,,
,,,,,
,,,,,
,,,,,
,,,,,
,,,,,
,,,,,
,,,,,
,,,,,
,,,,,
,,,,,
,,,,,
,,,,,
,,,,,
,,,,,
,,,,,
,,,,,
,,,,,
,,,,,
,,,,,
,,,,,
,,,,,
,,,,,
,,,,,
,,,,,
,,,,,
,,,,,
,,,,,
,,,,,
,,,,,
,,,,,
,,,,,
,,,,,
,,,,,
,,,,,
,,,,,
,,,,,
,,,,,
,,,,,
,,,,,
,,,,,
,,,,,
,,,,,
,,,,,
,,,,,
,,,,,
,,,,,
,,,,,
,,,,,
,,,,,
,,,,,
,,,,,
,,,,,
,,,,,
,,,,,
,,,,,
,,,,,
,,,,,
,,,,,
,,,,,
,,,,,
,,,,,
,,,,,
,,,,,
,,,,,
,,,,,
,,,,,
,,,,,
,,,,,
,,,,,
