,,,,,,1,,100,,,,,,,,,
Garnet [1-3],1,1151,1151,1151,1151,0,,100,,,,,,,,,
Garnet [4-6],1,1152,1152,1152,1152,0,,100,,,,,,,,,
Garnet [7],1,1153,1153,1153,1153,0,,100,,,,,,,,,
,,,,,,,,,,,,,,,,,
,,,,,,,,,,,,,,,,,
Ruby [1-3],1,1156,1156,1156,1156,1,,100,,,,,,,,,
Ruby [4-6],1,1157,1157,1157,1157,1,,100,,,,,,,,,
Ruby [7],1,1158,1158,1158,1158,1,,100,,,,,,,,,
,,,,,,,,,,,,,,,,,
,,,,,,,,,,,,,,,,,
Sapphire [1-3],1,1161,1161,1161,1161,2,,100,,,,,,,,,
Sapphire [4-6],1,1162,1162,1162,1162,2,,100,,,,,,,,,
Sapphire [7],1,1163,1163,1163,1163,2,,100,,,,,,,,,
,,,,,,,,,,,,,,,,,
,,,,,,,,,,,,,,,,,
Topaz [1-3],1,1166,1166,1166,1166,3,,100,,,,,,,,,
Topaz [4-6],1,1167,1167,1167,1167,3,,100,,,,,,,,,
Topaz [7],1,1168,1168,1168,1168,3,,100,,,,,,,,,
,,,,,,,,,,,,,,,,,
,,,,,,,,,,,,,,,,,
Emerald [1-3],1,1171,1171,1171,1171,4,,100,,,,,,,,,
Emerald [4-6],1,1172,1172,1172,1172,4,,100,,,,,,,,,
Emerald [7],1,1173,1173,1173,1173,4,,100,,,,,,,,,
,,,,,,,,,,,,,,,,,
,,,,,,,,,,,,,,,,,
Peridot [1-3],1,1176,1176,1176,1176,5,,100,,,,,,,,,
Peridot [4-6],1,1177,1177,1177,1177,5,,100,,,,,,,,,
Peridot [7],1,1178,1178,1178,1178,5,,100,,,,,,,,,
,,,,,,,,,,,,,,,,,
,,,,,,,,,,,,,,,,,
Diamond iRose [1-3],1,1181,1181,1181,1181,6,,100,,,,,,,,,
Diamond iRose [4-6],1,1182,1182,1182,1182,6,,100,,,,,,,,,
Diamond iRose [7],1,1183,1183,1183,1183,6,,100,,,,,,,,,
,,,,,,,,,,,,,,,,,
,,,,,,,,,,,,,,,,,
Pink Opal [1-3],1,1184,1184,1184,1184,6,,100,,,,,,,,,
Pink Opal [4-6],1,1185,1185,1185,1185,6,,100,,,,,,,,,
Pink Opal [7],1,1186,1186,1186,1186,6,,100,,,,,,,,,
Pink Opal [7],1,1187,1187,1187,1187,6,,100,,,,,,,,,
,,,,,,,,,,,,,,,,,
Amethyst [1-3],1,1951,1951,1951,1951,6,,100,,,,,,,,,
Amethyst [4-6],1,1952,1952,1952,1952,6,,100,,,,,,,,,
Amethyst [7],1,1953,1953,1953,1953,6,,100,,,,,,,,,
,,,,,,,,,,,,,,,,,
Red Flame,1,2019,2019,2019,2019,6,,100,,,,,,,,,
Blue Flame,1,2020,2020,2020,2020,6,,100,,,,,,,,,
,,,,,,,,,,,,,,,,,
Black Onyx [1-3],1,1203,1203,1203,1203,6,,100,,,,,,,,,
Black Onyx [4-6],1,1204,1204,1204,1204,6,,100,,,,,,,,,
Black Onyx [7],1,1205,1205,1205,1205,6,,100,,,,,,,,,
,,,,,,,,,,,,,,,,,
Orange Flame,1,2021,2021,2021,2021,6,,100,,,,,,,,,
Pink Flame,1,2022,2022,2022,2022,6,,100,,,,,,,,,
Silver Flame,1,2023,2023,2023,2023,6,,100,,,,,,,,,
Gold Flame,1,2024,2024,2024,2024,6,,100,,,,,,,,,
,,,,,,,,,,,,,,,,,
Tourmaline [1-3],1,1221,1221,1221,1221,6,,100,,,,,,,,,
Tourmaline [4-6],1,1222,1222,1222,1222,6,,100,,,,,,,,,
Tourmaline [7],1,1223,1223,1223,1223,6,,100,,,,,,,,,
,,,,,,,,,,,,,,,,,
Citrine [1-3],1,1225,1225,1225,1225,6,,100,,,,,,,,,
Citrine [4-6],1,1226,1226,1226,1226,6,,100,,,,,,,,,
Citrine [7],1,1227,1227,1227,1227,6,,100,,,,,,,,,
,,,,,,,,,,,,,,,,,
Spinel [1-3],1,1206,1206,1206,1206,6,,100,,,,,,,,,
Spinel [4-6],1,1207,1207,1207,1207,6,,100,,,,,,,,,
Spinel [7],1,1208,1208,1208,1208,6,,100,,,,,,,,,
,,,,,,,,,,,,,,,,,
,,,,,,,,,,,,,,,,,
Mysterious gem,1,1365,1365,1365,1365,6,,100,,,,,,,,,
LOL Gem,1,272,272,272,272,6,,100,,,,,,,,,
Sun Stone,1,273,273,273,273,6,,100,,,,,,,,,
,,,,,,,,,,,,,,,,,
Diamond [1-3],1,1188,1188,1188,1188,6,,100,,,,,,,,,
Diamond [4-6],1,1189,1189,1189,1189,6,,100,,,,,,,,,
Diamond [7],1,1190,1190,1190,1190,6,,100,,,,,,,,,
,,,,,,,,,,,,,,,,,
Classic Diamond [1-3],1,1236,1236,1236,1236,6,,100,,,,,,,,,
Classic Diamond [4-6],1,1237,1237,1237,1237,6,,100,,,,,,,,,
Classic Diamond [7],1,1238,1238,1238,1238,6,,100,,,,,,,,,
,,,,,,,,,,,,,,,,,
Cursed Flame,1,2073,2073,2073,2073,6,,100,,,,,,,,,
Oppression Flame,1,2074,2074,2074,2074,6,,100,,,,,,,,,
,,,,,,,,,,,,,,,,,
,,,,,,,,,,,,,,,,,
,,,,,,,,,,,,,,,,,
,,,,,,,,,,,,,,,,,
,,,,,,,,,,,,,,,,,
,,,,,,,,,,,,,,,,,
,,,,,,,,,,,,,,,,,
,,,,,,,,,,,,,,,,,
,,,,,,,,,,,,,,,,,
,,,,,,,,,,,,,,,,,
Harvest Gloves,,,,,,,,,,,,,,,,,
Shovel,3,,,,,,,,23,23,,,,,,,
,,,,,,,,,,,,,,,,,
Diamond Pickaxe,3,1188,1188,1188,,6,,100,17,17,,,,,,,
,,,,,,,,,,,,,,,,,
Mining Pickaxe,3,,,,,1,,100,17,17,,,,,,,
,,,,,,,,,,,,,,,,,
Empty Hands,3,,,,,1,,100,1000,1004,,1,,,,,
,3,,,,,1,,100,1000,1004,,1,,,,,
,3,,,,,1,,100,1000,1004,,1,,,,,
,3,,,,,1,,100,1000,1004,,1,,,,,
,3,,,,,1,,100,1000,1004,,1,,,,,
,3,,,,,1,,100,1000,1004,,1,,,,,
,3,,,,,1,,100,1000,1004,,1,,,,,
,3,,,,,1,,100,1000,1004,,1,,,,,
,3,,,,,1,,100,1000,1004,,1,,,,,
,3,,,,,1,,100,1000,1004,,1,,,,,
One Hand Sword1,3,,,,,2,,100,1005,1009,,1,,,,,
One Hand Sword2,3,,,,,2,,100,1005,1009,,1,,,,,
One Hand Sword3,3,,,,,2,,100,1005,1009,,1,,,,,
,3,,,,,2,,100,1005,1009,,1,,,,,
,3,,,,,2,,100,1005,1009,,1,,,,,
,3,,,,,2,,100,1005,1009,,1,,,,,
,3,,,,,2,,100,1005,1009,,1,,,,,
,3,,,,,2,,100,1005,1009,,1,,,,,
,3,,,,,2,,100,1005,1009,,1,,,,,
,3,,,,,2,,100,1005,1009,,1,,,,,
One Hand Mace1,3,,,,,6,,100,1010,1014,,1,,,,,
One Hand Mace2,3,,,,,6,,100,1010,1014,,1,,,,,
One Hand Mace3,3,,,,,6,,100,1010,1014,,1,,,,,
,3,,,,,6,,100,1010,1014,,1,,,,,
,3,,,,,6,,100,1010,1014,,1,,,,,
,3,,,,,6,,100,1010,1014,,1,,,,,
,3,,,,,6,,100,1010,1014,,1,,,,,
,3,,,,,6,,100,1010,1014,,1,,,,,
,3,,,,,6,,100,1010,1014,,1,,,,,
,3,,,,,6,,100,1010,1014,,1,,,,,
Two Hand Sword1,3,,,,,6,,100,1015,1019,,1,,,,,
Two Hand Sword2,3,,,,,6,,100,1015,1019,,1,,,,,
Two Hand Sword3,3,,,,,6,,100,1015,1019,,1,,,,,
,3,,,,,6,,100,1015,1019,,1,,,,,
,3,,,,,6,,100,1015,1019,,1,,,,,
,3,,,,,6,,100,1015,1019,,1,,,,,
,3,,,,,6,,100,1015,1019,,1,,,,,
,3,,,,,6,,100,1015,1019,,1,,,,,
,3,,,,,6,,100,1015,1019,,1,,,,,
,3,,,,,6,,100,1015,1019,,1,,,,,
????????1,3,,,,,6,,100,1020,1024,,1,,,,,
????????2,3,,,,,6,,100,1020,1024,,1,,,,,
????????3,3,,,,,6,,100,1020,1024,,1,,,,,
,3,,,,,6,,100,1020,1024,,1,,,,,
,3,,,,,6,,100,1020,1024,,1,,,,,
,3,,,,,6,,100,1020,1024,,1,,,,,
,3,,,,,6,,100,1020,1024,,1,,,,,
,3,,,,,6,,100,1020,1024,,1,,,,,
,3,,,,,6,,100,1020,1024,,1,,,,,
,3,,,,,6,,100,1020,1024,,1,,,,,
Wooden Arrow,4,,,,,,,,1061,1024,1051,1,2,,3000,0,68
Stone Arrow,4,,,,,,,,1061,1024,1051,1,2,,3500,0,68
Metal Arrow,4,,,,,,,,1061,1024,1051,1,2,,3700,0,68
Not Used,4,,,,,,,,1061,1024,1051,1,2,,3900,0,68
Not Used,4,,,,,,,,1061,1024,1051,1,2,,4200,0,68
Not Used,4,,,,,,,,1061,1024,1051,1,2,,,0,68
Not Used,4,,,,,,,,1061,1024,1051,1,2,,,0,68
Not Used,4,,,,,,,,1061,1024,1051,1,2,,,0,68
Not Used,4,,,,,,,,1061,1024,1051,1,2,,,0,68
,,,,,,,,,,,,,,,,0,68
Fire Arrow,4,,,,,,,,95,71,85,1,1,,3000,1121,68
Tirwin Bow Arrow,4,,,,,,,,94,71,84,1,1,,3000,1121,68
Lightning Arrow,4,,,,,,,,96,71,86,1,1,,3000,1121,68
Storm Arrow,4,,,,,,,,1062,71,1052,1,1,,3000,1121,68
Not Used,4,,,,,,,,1327,71,1326,1,1,,3000,1121,68
Not Used,4,,,,,,,,130,71,120,1,1,,3000,1121,68
Not Used,4,,,,,,,,130,71,120,1,1,,3000,1121,68
Not Used,4,,,,,,,,130,71,120,1,1,,3000,1121,68
Not Used,4,,,,,,,,130,71,120,1,1,,3000,1121,68
Not Used,4,,,,,,,,130,71,120,1,1,,3000,1121,68
Bean Bullet,4,,,,,,,,1080,71,1070,1,1,,3000,146,83
Lead Bullet,4,,,,,,,,1081,71,1071,1,1,,3000,146,83
NoName Bullet 173,4,,,,,,,,1082,71,1072,1,1,,3000,146,83
Unused,4,,,,,,,,130,71,102,1,1,,3000,146,83
Unused,4,,,,,,,,130,71,103,1,1,,3000,146,83
Fire Bullet,4,,,,,,,,1124,71,1073,1,1,,3000,146,83
Cold Bullet,4,,,,,,,,1123,71,1074,1,1,,3000,146,83
Poison Bullet,4,,,,,,,,1121,71,1075,1,1,,3000,146,83
Not Used,4,,,,,,,,130,71,105,1,1,,3000,146,83
Not Used,4,,,,,,,,130,71,100,1,1,,3000,146,83
Not Used,4,,,,,,,,130,71,1201,1,1,,3000,146,83
,4,,,,,,,,1693,71,1692,1,1,,3000,146,83
,4,,,,,,,,,,,,,,,,
,4,,,,,,,,,,,,,,,,
Heart Wand,4,,,,,,,100,1662,71,1663,1,1,,3000,0,83
Heart Wand,4,,,,,,,100,1662,71,1673,1,1,,3000,0,83
,4,,,,,,,,,,,,,,,,
,4,,,,,,,,,,,,,,,,
,4,,,,,,,,2004,71,2003,1,2,,3000,1121,83
,4,,,,,,,,387,71,386,1,2,,3000,146,83
Cannon Shell,4,,,,,,,,1101,71,1091,1,2,,3000,146,83
Lower Penguin Exploder,4,,,,,,,,1101,71,1091,1,2,,3000,146,83
Material Bullet,4,,,,,,,,1101,71,1094,1,2,,3000,146,83
,4,,,,,,,,1101,71,1091,1,2,,3000,146,83
,4,,,,,,,,1101,71,1091,1,2,,3000,146,83
,4,,,,,,,,1101,71,1091,1,2,,3000,146,83
,4,,,,,,,,1101,71,1091,1,2,,3000,146,83
,4,,,,,,,,1101,71,1091,1,2,,3000,146,83
,4,,,,,,,,1101,71,1091,1,2,,3000,146,83
,4,,,,,,,,,71,,1,2,,3000,146,83
Dust Wand,4,,,,,,,100,130,71,1147,1,1,,3000,0,83
Shadow Wand,4,,,,,,,100,130,71,1146,1,1,,3000,0,83
Cursior,4,,,,,,,100,94,71,87,1,1,,3000,0,83
Blue Ourobours,4,,,,,,,100,130,71,1145,1,1,,3000,0,83
Thunder Wand,4,,,,,,,100,96,71,1144,1,1,,3000,0,83
Green Wand,4,,,,,,,100,130,71,1143,1,1,,3000,0,83
Blizzard Wand,4,,,,,,,100,130,71,1142,1,1,,3000,0,83
Wand Effects Pink,4,,,,,,,100,130,71,1139,1,1,,3000,0,83
Solstice Wand,4,,,,,,,100,130,71,1130,1,1,,3000,0,83
Green Star,4,,,,,,,100,130,71,1131,1,1,,3000,0,83
Light Red Star,4,,,,,,,100,130,71,1132,1,1,,3000,0,83
Orange Star,4,,,,,,,100,130,71,1133,1,1,,3000,0,83
Green Circle,4,,,,,,,100,130,71,1134,1,1,,3000,0,83
Green Light,4,,,,,,,100,130,71,1135,1,1,,3000,0,83
Blue Light,4,,,,,,,100,130,71,1136,1,1,,3000,0,83
Lime Star,4,,,,,,,100,130,71,1137,1,1,,3000,0,83
Red Bolt,4,,,,,,,100,130,71,120,1,1,,3000,0,83
,4,,,,,,,100,130,71,120,1,1,,3000,0,83
,4,,,,,,,100,130,71,120,1,1,,3000,0,83
,,,,,,6,,100,????????,,????????,,,,,,
,4,,,,,6,,100,,,241,,1,,2000,0,83
,4,,,,,6,,100,,,241,,1,,2000,0,83
,4,,,,,6,,100,,,241,,1,,2000,0,83
,4,,,,,6,,100,,,241,,1,,2000,0,83
,4,,,,,6,,100,,,241,,1,,2000,0,83
,4,,,,,6,,100,,,241,,1,,,0,83
,4,,,,,6,,100,,,241,,1,,2000,0,83
,4,,,,,6,,100,,,241,,1,,2000,0,83
,4,,,,,6,,100,,,241,,1,,2000,0,83
,4,,,,,6,,100,,,241,,1,,,0,83
,4,,,,,6,,100,,,241,,1,,2000,0,83
,4,,,,,6,,100,,,241,,1,,2000,0,83
,4,,,,,6,,100,,,241,,1,,2000,0,83
,4,,,,,6,,100,,,241,,1,,2000,0,83
,4,,,,,6,,100,,,241,,1,,2000,0,83
,4,,,,,6,,100,,,241,,1,,,0,83
,4,,,,,6,,100,,,241,,1,,2000,0,83
,4,,,,,6,,100,,,241,,1,,2000,0,83
,4,,,,,6,,100,,,241,,1,,2000,0,83
,4,,,,,6,,100,,,241,,1,,2000,0,83
,4,,,,,6,,100,,,241,,1,,,0,83
,4,,,,,6,,100,,,241,,1,,2000,0,83
,4,,,,,6,,100,,,241,,1,,2000,0,83
,4,,,,,6,,100,,,241,,1,,2000,0,83
,4,,,,,6,,100,,,241,,1,,2000,0,83
,4,,,,,6,,100,,,241,,1,,2000,0,83
,4,,,,,6,,100,,,241,,1,,2000,0,83
,4,,,,,6,,100,,,241,,1,,2000,0,83
,4,,,,,6,,100,,,241,,1,,2000,0,83
,,,,,,6,,100,????????,,,,,,,,
????????,4,,,,,,,100,,,1112,,1,,3000,146,83
?????? ????,4,,,,,,,100,,,1111,,1,,3000,0,68
Space Attack,4,,,,,,,100,,,1610,,1,,3000,0,68
????????????????01,4,,,,,,,100,,,1615,,1,,3000,0,68
Space Attack New,4,,,,,,,100,,,1616,,1,,3000,0,68
Blare-blast,4,,,,,,,100,,,1317,,1,,3000,0,68
,,,,,,,,100,,,,,,,,,
,,,,,,,,100,,,,,,,,,
Poison Shot,4,,,,,,,100,,71,1075,1,1,,3000,0,68
,,,,,,,,100,????????,,,,,,,,
????????,4,,,,,,,100,,71,1115,1,1,,3000,0,68
????????,4,,,,,,,100,,71,1113,1,1,,3000,0,68
????????,4,,,,,,,100,,71,1114,1,1,,3000,0,68
???????? ????,4,,,,,,,100,,71,1633,1,1,,5000,0,68
???? ???????? ????,4,,,,,,,100,,71,1632,1,1,,3000,0,68
????????,4,,,,,,,100,,71,1505,1,1,,3000,0,68
????????,4,,,,,,,100,,71,1637,1,1,,3000,0,68
????,4,,,,,,,100,,71,1636,1,1,,3000,0,68
?????? ??????????,4,,,,,,,100,,71,2005,1,1,,3000,0,68
,,,,,,,,100,????????,,,,,,,,
,4,,,,,,,100,,1024,1056,1,1,,3000,0,68
Paralysis Bullet,4,,,,,,,100,,1024,1087,1,1,,3000,0,68
,,,,,,,,100,,,,,,,,,
,,,,,,,,100,,,,,,,,,
,,,,,,,,100,,,,,,,,,
,4,,,,,,,100,,1024,1661,1,1,,3000,0,68
,4,,,,,,,100,,1024,1663,1,1,,2000,0,68
??????????,4,,,,,,,100,,1024,1323,1,1,,2000,0,68
,,,,,,,,100,,,,,,,,,
,,,,,,,,100,????????,,,,,,,,
,4,,,,,,,100,,1024,1692,1,1,,3000,0,68
Magic Arrow,4,,,,,,,100,,1024,2105,1,1,,3000,0,68
Twin Triple Shot,4,,,,,,,,1080,71,1070,1,1,1,3000,146,83
Double Triple Shot,4,,,,,,,,1061,1024,1051,1,2,1,3000,0,68
Plated Bullet,4,,,,,,,,1082,71,1076,1,1,,3000,146,83
Silver Plated Bullet,4,,,,,,,,1082,71,1077,1,1,,3000,146,83
Gold Plated Bullet,4,,,,,,,,1082,71,1078,1,1,,3000,146,83
Platinum Bullet,4,,,,,,,,130,71,1079,1,1,,3000,146,83
Chromium Bullet,4,,,,,,,,130,71,1083,1,1,,3000,146,83
Zuly Bullet,4,,,,,,,,1694,71,1695,1,1,,3000,146,83
Vortex Bullet,4,,,,,,,,90,71,1696,1,1,,3000,146,83
Demon Arrow,4,,,,,,,,95,71,88,1,1,,3000,1121,68
White Night Arrow,4,,,,,,,,95,71,89,1,1,,3000,1121,68
Cherry Blossom Arrow,4,,,,,,,,1327,71,1448,1,1,,3000,1121,68
Vengeance Arrow,4,,,,,,,,1061,71,1449,1,1,,3000,1121,68
Skill Poison Arrow,4,,,,,,,100,,1024,1084,1,1,,3000,0,68
Skill Hawk Shot,4,,,,,,,100,,1024,1057,1,1,,3000,0,68
Skill Poison Knife,4,,,,,,,100,,1024,1670,1,1,,3000,0,68
Skill Power Gun Shot,4,,,,,,,100,,71,1114,1,1,,3000,0,68
,,,,,,,,100,,,,,,,,,
Snowball,4,,,,,,,100,1311,1024,1831,1,1,,2000,0,68
Present,4,,,,,,,100,1828,1024,1827,1,1,,2000,0,68
Stocking Launcher,4,,,,,,,100,1101,71,1827,1,2,1,3000,146,83
,,,,,,,,,,,,,,,,,
Poison Shell,4,,,,,,,,1101,71,1092,1,2,,3000,146,83
Fire Shell,4,,,,,,,,1101,71,1093,1,2,,3000,146,83
Cluster Shell,4,,,,,,,,2004,71,2017,1,2,,3000,1121,83
Rock Shell,4,,,,,,,,387,71,404,1,2,,3000,146,83
Elven Arrow,4,,,,,,,,94,71,91,1,1,,3000,1121,68
Nymph Arrow,4,,,,,,,,94,71,92,1,1,,3000,1121,68
Squirt Gun,4,,,,,,,,1086,71,1085,1,1,1,3000,0,68
Popper Gun,4,,,,,,,100,1311,1024,1831,1,1,1,3000,0,68
Festive Launcher,4,,,,,,,100,1311,1024,1831,1,2,1,3000,146,68
Cerberus Bullet,4,,,,,,,100,403,1310,1154,,1,,3000,0,0
,,,,,,,,,,,,,,,,,
Blue Star Wand,4,,,,,,,100,130,71,1241,1,1,,3000,0,83
Pink Star Wand,4,,,,,,,100,130,71,1242,1,1,,3000,0,83
RedGreen Cursed,4,,,,,,,100,130,71,1128,1,1,,3000,0,83
Star Wand,4,,,,,,,100,130,71,1138,1,1,,3000,0,83
Red Elom,4,,,,,,,100,130,71,1148,1,1,,3000,0,83
Purple Elom,4,,,,,,,100,130,71,1149,1,1,,3000,0,83
Amazing Brush,4,,,,,,,100,130,71,121,1,1,,3000,0,83
Void Conjurer,4,,,,,,,100,130,71,1141,1,1,,3000,0,83
Vision Wand,4,,,,,,,100,130,71,1140,1,1,,3000,0,83
Grand Elom,4,,,,,,,100,130,71,1150,1,1,,3000,0,83
Skull Wand,4,,,,,,,100,130,71,1129,1,1,,3000,0,83
Necro Wand,4,,,,,,,100,130,71,1240,1,1,,3000,0,83
Eldritch Wand,4,,,,,,,100,130,71,1243,1,1,,3000,0,83
Clan Jason Spear,1,1158,,,,,,,,,,,,,,,
Green Star Wand,4,,,,,,,100,130,71,1244,1,1,,3000,0,83
,,,,,,,,,,,,,,,,,
,,,,,,,,,,,,,,,,,
,,,,,,,,,,,,,,,,,
,,,,,,,,,,,,,,,,,
,,,,,,,,,,,,,,,,,
,,,,,,,,,,,,,,,,,
,,,,,,,,,,,,,,,,,
,,,,,,,,,,,,,,,,,
,,,,,,,,,,,,,,,,,
,,,,,,,,,,,,,,,,,
,,,,,,,,,,,,,,,,,
,,,,,,,,,,,,,,,,,
,,,,,,,,,,,,,,,,,
,,,,,,,,,,,,,,,,,
,,,,,,,,,,,,,,,,,
,,,,,,,,,,,,,,,,,
,,,,,,,,,,,,,,,,,
,,,,,,,,,,,,,,,,,
1 Hand Sword,3,1854,1854,1854,,6,,100,1005,1009,,1,,,,,
Blunt,3,1854,1854,1854,,6,,100,1010,1014,,1,,,,,
Crossbow,3,1854,1854,1854,,6,,0,0,0,,,,,,,
2 Handed Sword,3,1854,1854,1854,,6,,100,1015,1019,,1,,,,,
Axe,3,1854,1854,1854,,6,,100,1020,1024,,1,,,,,
Spear,3,1854,1854,1854,,6,,100,1015,1019,,1,,,,,
Bow,3,1856,1856,1856,,6,,,,,,,,,,,
Gun,3,1857,1857,1857,,6,,,,,,,,,,,
Launcher,3,1857,1857,1857,,6,,,,,,,,,,,
Staff,3,1855,1855,1855,,6,,100,1015,1019,,1,,,,,
Wand,3,1855,1855,1855,,6,,,,,,,,,,,
Knuckles,3,1856,1856,1856,,6,,100,1010,1014,,1,,,,,
Dual Swords,3,1856,1856,1856,,6,,100,1005,1009,,1,,,,,
,,,,,,,,,,,,,,,,,
,,,,,,,,,,,,,,,,,
Victorious Toxic Sword,3,,,,1871,6,,100,1005,1009,,1,,,,,
Victorious Toxic Hammer,3,,,,1872,6,,100,1010,1014,,1,,,,,
Victorious Toxic Crossbow,3,,,1870,,6,,0,0,0,,,,,,,
Victorious Toxic Two-handed Sword,3,,,,1869,6,,100,1015,1019,,1,,,,,
Victorious Toxic Two-handed Axe,3,,1869,,,6,,100,1020,1024,,1,,,,,
Victorious Toxic Spear,3,,,,1869,6,,100,1015,1019,,1,,,,,
Victorious Toxic Bow,3,,,1869,,6,,,,,,,,,,,
Victorious Toxic Gun,3,,,1870,,6,,,,,,,,,,,
Victorious Toxic Launcher,3,,,1869,,6,,,,,,,,,,,
Victorious Toxic Staff,3,,,,1871,6,,100,1015,1019,,1,,,,,
Victorious Toxic Wand,3,,,,1871,6,,,,,,,,,,,
Victorious Toxic Katars,3,1870,,1870,,6,,100,1010,1014,,1,,,,,
Victorious Toxic Dual Swords,3,,1871,1873,,6,,100,1005,1009,,1,,,,,
,,,,,,,,,,,,,,,,,
Victorious Lava Sword,3,,,,1861,6,,100,1005,1009,,1,,,,,
Victorious Lava Hammer,3,,,,1863,6,,100,1010,1014,,1,,,,,
Victorious Lava Crossbow,3,,,1860,,6,,0,0,0,,,,,,,
Victorious Lava Two-handed Sword,3,,,,1859,6,,100,1015,1019,,1,,,,,
Victorious Lava Two-handed Axe,3,,1859,,,6,,100,1020,1024,,1,,,,,
Victorious Lava Spear,3,,,,1859,6,,100,1015,1019,,1,,,,,
Victorious Lava Bow,3,,,1859,,6,,,,,,,,,,,
Victorious Lava Gun,3,,,1860,,6,,,,,,,,,,,
Victorious Lava Launcher,3,,,1859,,6,,,,,,,,,,,
Victorious Lava Staff,3,,,,1861,6,,100,1015,1019,,1,,,,,
Victorious Lava Wand,3,,,,1861,6,,,,,,,,,,,
Victorious Lava Katars,3,1860,,1860,,6,,100,1010,1014,,1,,,,,
Victorious Lava Dual Swords,3,,1861,1862,,6,,100,1005,1009,,1,,,,,
,,,,,,,,,,,,,,,,,
,4,,,,,,,100,130,71,1127,1,1,,3000,0,83
Blue Laser Swords,3,1883,,1882,,6,,100,1005,1009,,1,,,,,
Deity Ra Bowman,4,,,,,,,,1061,1024,1052,1,1,,4000,0,68
Sikuku Guard,3,,,,,,,,1020,1024,,1,,,,,
Red Laser Swords,3,1892,,1891,,6,,100,1005,1009,,1,,,,,
,,,,,,,,,,,,,,,,,
,,,,,,,,,,,,,,,,,
,,,,,,,,,,,,,,,,,
,,,,,,,,,,,,,,,,,
,3,,,,,,,,380,71,,1,,,,0,0
,3,,,,,,,,382,71,,1,,,,0,0
,3,,,,,,,,382,71,,1,,,,0,0
,3,,,,,,,,382,71,,1,,,,0,0
,3,,,,,,,,382,71,,1,,,,0,0
,3,,,,,,,,382,71,,1,,,,0,0
,3,,,,,,,,382,71,,1,,,,0,0
,3,,,,,,,,382,71,,1,,,,0,0
,3,,,,,,,,382,71,,1,,,,0,0
,3,,,,,,,,382,71,,1,,,,0,0
,3,,,,,,,,10,71,,1,,,,0,0
,3,,,,,,,,10,71,,1,,,,0,0
,3,,,,,,,,10,71,,1,,,,0,0
,3,,,,,,,,10,71,,1,,,,0,0
,3,,,,,,,,11,71,,1,,,,0,0
,3,,,,,,,,11,71,,1,,,,0,0
,3,,,,,,,,11,71,,1,,,,0,0
,3,,,,,,,,11,71,,1,,,,0,0
,3,,,,,,,,11,71,,1,,,,0,0
,3,,,,,,,,11,71,,1,,,,0,0
Monster Bow Arrow,4,,,,,,,,90,71,80,1,2,,3000,0,68
Not Used,4,,,,,,,,90,71,80,1,2,,3000,0,68
Not Used (Gun),4,,,,,,,,110,71,100,1,1,,3000,146,83
,4,,,,,,,,110,71,100,1,1,,3000,146,83
Gangster Pang (Guns),4,,,,,,,,1311,71,1368,1,1,,3000,146,83
,4,,,,,,,,,,,,,,,0,68
,4,,,,,,,,,,,,,,,0,68
,4,,,,,,,,,,,,,,,0,68
,4,,,,,,,,,,,,,,,0,68
,,,,,,,,,,,,,,,,,
Dalping (Bubble bullet),4,,,,,,,,90,71,383,1,1,,4000,1121,0
,,,,,,,,,,,,,,,,,
Queen Honeybee Wand,4,,,,,,,,130,71,120,1,1,,3000,1121,0
,,,,,,,,,,,,,,,,,
Smouly Flower,4,,,,,,,,393,71,392,1,1,,3000,1121,0
Cherry Smouly Flower,4,,,,,,,,1327,71,1326,1,1,,3000,1121,0
,4,,,,,,,,387,71,386,1,1,,3000,146,83
,,,,,,,,,,,,,,,,,
Candle Ghost Skull,4,,,,,,,,130,71,391,1,1,,2400,1121,83
Herune Attack Bullet,4,,,,,,,,130,71,1553,1,1,,2400,1121,83
Flanae Flower,4,,,,,,,,395,71,392,1,1,,2400,1121,83
,4,,,,,,,,,,,,,,,,
Worm Dragon,4,,,,,,,,398,71,397,1,1,,2400,1121,83
Snapper Smoke,4,,,,,,,,403,71,402,1,1,,2400,1121,83
,3,,,,,,,,1292,1293,,1,,,,0,0
,3,,,,,,,,,,,,,,,0,0
,3,,,,,,,,1294,1295,,1,,,,0,0
,3,,,,,,,,,,,,,,,0,0
Woopie Chef Rock,4,,,,,,,,1298,71,1297,1,1,,3000,1110,83
Ruper Mage,4,,,,,,,,1311,71,1305,1,1,,3000,1110,83
Basilisk Captain,4,,,,,,,,1312,71,1306,1,1,,1000,1110,83
Tyrant Warship,4,,,,,,,,1312,71,1307,1,1,,3000,1110,83
,3,,,,,,,,1309,71,,1,,,,0,0
,3,,,,,,,,1310,71,,1,,,,0,0
,3,,,,,,,,1311,71,,1,,,,0,0
,3,,,,,,,,1312,71,,1,,,,0,0
Yeti Hunter Boomerang,4,,,,,,,,1309,71,1308,1,1,,3000,1110,83
Tirwin Mage,4,,,,,,,,1312,71,1313,1,2,,3000,1110,83
Rider Wizard,4,,,,,,,,1312,71,1314,1,2,,3000,1110,83
Firegon Fire,4,,,,,,,,1124,71,1324,1,1,,2400,1121,83
Sikuku Assassin Dart,4,,,,,,,,1309,71,1329,1,1,,3000,1110,83
,4,,,,,,,,1309,71,1330,1,1,,2400,1110,83
Blue Elemental,4,,,,,,,,1061,71,1334,1,1,,3000,1121,68
Red Elemental,4,,,,,,,,1061,71,1335,1,1,,3000,1121,68
,4,,,,,,,,1501,71,1336,1,1,,3000,1121,68
,4,,,,,,,,1501,71,1337,1,1,,3000,1121,68
Rotten Tree Flower,4,,,,,,,,1339,71,1338,1,1,,3000,1121,68
Firecracker Penguin,4,,,,,,,,1373,71,1372,1,2,,3000,1121,68
,3,,,,,,,,1551,71,,1,,,,0,0
,3,,,,,,,,1552,71,,1,,,,0,0
,4,,,,,,,,,71,1553,1,1,,500,1110,83
,4,,,,,,,,,71,1554,1,1,,500,1110,83
,4,,,,,,,,,71,1398,1,1,,2000,1110,83
,3,,,,,,,,382,71,,1,,,,0,437
,,,,,,,,,,,,,,,,,
Thornie Fireball,4,,,,,,,,95,71,2054,1,1,,3000,1121,95
Frostworm,4,,,,,,,,1312,71,1289,1,1,,1000,1110,83
,,,,,,,,,,,,,,,,,
,,,,,,,,,,,,,,,,,
Victorious Ancient Sword,3,,,,1876,6,,100,1005,1009,,1,,,,,
Victorious Ancient Hammer,3,,,,1877,6,,100,1010,1014,,1,,,,,
Victorious Ancient Crossbow,3,,,1875,,6,,0,0,0,,,,,,,
Victorious Ancient Two-handed Sword,3,,,,1874,6,,100,1015,1019,,1,,,,,
Victorious Ancient Two-handed Axe,3,,1874,,,6,,100,1020,1024,,1,,,,,
Victorious Ancient Spear,3,,,,1874,6,,100,1015,1019,,1,,,,,
Victorious Ancient Bow,3,,,1874,,6,,,,,,,,,,,
Victorious Ancient Gun,3,,,1875,,6,,,,,,,,,,,
Victorious Ancient Launcher,3,,,1874,,6,,,,,,,,,,,
Victorious Ancient Staff,3,,,,1876,6,,100,1015,1019,,1,,,,,
Victorious Ancient Wand,3,,,,1876,6,,,,,,,,,,,
Victorious Ancient Katars,3,1875,,1875,,6,,100,1010,1014,,1,,,,,
Victorious Ancient Dual Swords,3,,1876,1878,,6,,100,1005,1009,,1,,,,,
,,,,,,,,,,,,,,,,,
Tombstone Bullet,4,,,,,,,,1312,71,1441,1,1,,4000,1110,83
Tombstone Skill,4,,,,,,,,1312,71,1442,1,1,,4000,1110,83
Pink Candle Sword,3,1574,,,,6,,100,1005,1009,,1,,,,,
Golden Bamboo Spear,3,1857,,,1857,6,,100,1015,1019,,1,,,,,
,,,,,,,,,,,,,,,,,
,,,,,,,,,,,,,,,,,
Necromancer Sword,3,,,,1885,6,,100,1005,1009,,1,,,,,
Necromancer Hammer,3,,,,1887,6,,100,1010,1014,,1,,,,,
Necromancer Crossbow,3,,,1886,,6,,,,,,,,,,,
Necromancer Two-handed Sword,3,,,,1885,6,,100,1015,1019,,1,,,,,
Necromancer Two-handed Axe,3,,,,1885,6,,100,1020,1024,,1,,,,,
Necromancer Spear,3,,,,1885,6,,100,1015,1019,,1,,,,,
Necromancer Bow,3,,,1885,,6,,,,,,,,,,,
Necromancer Gun,3,,,1888,,6,,,,,,,,,,,
Necromancer Launcher,3,,,1885,,6,,,,,,,,,,,
Necromancer Staff,3,,,,1885,6,,100,1015,1019,,1,,,,,
Necromancer Wand,3,,,,1885,6,,,,,,,,,,,
Necromancer Katars,3,1886,,1886,,6,,100,1010,1014,,1,,,,,
Necromancer Dual Swords,3,,,1885,1889,6,,100,1005,1009,,1,,,,,
Eldritch Sword,3,,,,1893,6,,100,1005,1009,,1,,,,,
Eldritch Hammer,3,,,,1895,6,,100,1010,1014,,1,,,,,
Eldritch Crossbow,3,,,1897,,6,,,,,,,,,,,
Eldritch Two-handed Sword,3,,,,1893,6,,100,1015,1019,,1,,,,,
Eldritch Two-handed Axe,3,,,,1893,6,,100,1020,1024,,1,,,,,
Eldritch Spear,3,,,,1893,6,,100,1015,1019,,1,,,,,
Eldritch Bow,3,,,1898,,6,,,,,,,,,,,
Arms Punch Hit,3,,,,,6,,100,1256,1019,,1,,,,,67
Eldritch Gun,3,,,1899,,6,,,,,,,,,,,
Eldritch Launcher,3,,,1893,,6,,,,,,,,,,,
Eldritch Staff,3,,,,1893,6,,100,1015,1019,,1,,,,,
Eldritch Wand,3,,,,1893,6,,,,,,,,,,,
Eldritch Katars,3,1894,,1894,,6,,100,1010,1014,,1,,,,,
Eldritch Dual Swords,3,,,1893,1896,6,,100,1005,1009,,1,,,,,
Astral Sword,3,,,,,6,,100,1005,1009,,1,,,,,
Lightning Sword,3,,,,1905,6,,100,1005,1009,,1,,,,,
Lightning Hammer,3,,,,1906,6,,100,1010,1014,,1,,,,,
Lightning Crossbow,3,,,1909,,6,,,,,,,,,,,
Lightning Two-handed Sword,3,,,,1905,6,,100,1015,1019,,1,,,,,
Lightning Two-handed Axe,3,,,,1905,6,,100,1020,1024,,1,,,,,
Lightning Spear,3,,,,1905,6,,100,1015,1019,,1,,,,,
Lightning Bow,3,,,1908,,6,,,,,,,,,,,
Lightning Gun,3,,,1906,,6,,,,,,,,,,,
Lightning Launcher,3,,,1905,,6,,,,,,,,,,,
Lightning Staff,3,,,,1911,6,,100,1015,1019,,1,,,,,
Lightning Wand,3,,,,1911,6,,,,,,,,,,,
Lightning Katars,3,1907,,1907,,6,,100,1010,1014,,1,,,,,
Lightning Dual Swords,3,,,1911,1910,6,,100,1005,1009,,1,,,,,
,,,,,,,,,,,,,,,,,
,,,,,,,,,,,,,,,,,
,,,,,,,,,,,,,,,,,
,,,,,,,,,,,,,,,,,
,,,,,,,,,,,,,,,,,
,,,,,,,,,,,,,,,,,
,,,,,,,,,,,,,,,,,
,,,,,,,,,,,,,,,,,
,,,,,,,,,,,,,,,,,
,,,,,,,,,,,,,,,,,
,,,,,,,,,,,,,,,,,
,,,,,,,,,,,,,,,,,
,,,,,,,,,,,,,,,,,
,,,,,,,,,,,,,,,,,
Victorious Iced Sword,3,,,,1866,6,,100,1005,1009,,1,,,,,
Victorious Iced Hammer,3,,,,1867,6,,100,1010,1014,,1,,,,,
Victorious Iced Crossbow,3,,,1865,,6,,0,0,0,,,,,,,
Victorious Iced Two-handed Sword,3,,,,1864,6,,100,1015,1019,,1,,,,,
Victorious Iced Two-handed Axe,3,,1864,,,6,,100,1020,1024,,1,,,,,
Victorious Iced Spear,3,,,,1864,6,,100,1015,1019,,1,,,,,
Victorious Iced Bow,3,,,1864,,6,,,,,,,,,,,
Victorious Iced Gun,3,,,1865,,6,,,,,,,,,,,
Victorious Iced Launcher,3,,,1864,,6,,,,,,,,,,,
Victorious Iced Staff,3,,,,1866,6,,100,1015,1019,,1,,,,,
Victorious Iced Wand,3,,,,1866,6,,,,,,,,,,,
Victorious Iced Katars,3,1865,,1865,,6,,100,1010,1014,,1,,,,,
Victorious Iced Dual Swords,3,,1866,1868,,6,,100,1005,1009,,1,,,,,
Victorious Glacial Sword,3,,,,1914,6,,100,1005,1009,,1,,,,,
Victorious Glacial Hammer,3,,,,1916,6,,100,1010,1014,,1,,,,,
Victorious Glacial Two-handed Sword,3,,,,1914,6,,100,1015,1019,,1,,,,,
Victorious Glacial Crossbow,3,,,1918,,6,,,,,,,,,,,
Victorious Glacial Spear,3,,,,1914,6,,100,1015,1019,,1,,,,,
Victorious Glacial Two-handed Axe,3,,,,1914,6,,100,1020,1024,,1,,,,,
Victorious Glacial Gun,3,,,1920,,6,,,,,,,,,,,
Victorious Glacial Bow,3,,,1919,,6,,,,,,,,,,,
Victorious Glacial Launcher,3,,,1914,,6,,,,,,,,,,,
Victorious Glacial Staff,3,,,,1914,6,,100,1015,1019,,1,,,,,
Victorious Glacial Wand,3,,,,1914,6,,,,,,,,,,,
Victorious Glacial Katars,3,1915,,1915,,6,,100,1010,1014,,1,,,,,
Victorious Glacial Dual Swords,3,,,1914,1917,6,,100,1005,1009,,1,,,,,
,,,,,,,,,,,,,,,,,
,,,,,,,,,,,,,,,,,
,,,,,,,,,,,,,,,,,
,,,,,,,,,,,,,,,,,
,,,,,,,,,,,,,,,,,
,,,,,,,,,,,,,,,,,
,,,,,,,,,,,,,,,,,
,,,,,,,,,,,,,,,,,
,,,,,,,,,,,,,,,,,
,,,,,,,,,,,,,,,,,
,,,,,,,,,,,,,,,,,
,,,,,,,,,,,,,,,,,
,,,,,,,,,,,,,,,,,
,,,,,,,,,,,,,,,,,
,,,,,,,,,,,,,,,,,
,,,,,,,,,,,,,,,,,
Angelic Arrow,4,,,,,,,,97,71,32,1,1,,3000,1121,68
Nova Bullet,4,,,,,,,,2001,71,33,1,1,,3000,146,83
Molten Shell,4,,,,,,,,130,71,34,1,2,,3000,1121,68
,4,,,,,,,,1061,71,1335,1,1,,3000,1121,68
Ikaness Engineer Bolt,4,,,,,,,,2004,71,2003,1,2,,3000,1121,83
,3,,,,,,,,2001,71,,1,,,,,
,4,,,,,,,,2011,71,2010,1,1,,3000,1121,83
,3,,,,,,,,2009,71,,1,,,,,
,3,,,,,,,,1309,71,,1,,,,,
,3,,,,,,,,1309,71,,1,,,,,
,4,,,,,,,,90,71,383,1,1,,3000,146,83
,,,,,,,,,,,,,,,,,
,,,,,,,,,,,,,,,,,
Wicked Ruby [1],1,2356,2356,2356,2356,1,,100,,,,,,,,,
Wicked Ruby [2],1,2357,2357,2357,2357,1,,100,,,,,,,,,
Wicked Ruby [3],1,2358,2358,2358,2358,1,,100,,,,,,,,,
,,,,,,,,,,,,,,,,,
Wicked Garnet [1],1,2360,2360,2360,2360,1,,100,,,,,,,,,
Wicked Garnet [2],1,2361,2361,2361,2361,1,,100,,,,,,,,,
Wicked Garnet [3],1,2362,2362,2362,2362,1,,100,,,,,,,,,
,,,,,,,,,,,,,,,,,
Wicked Topaz [1],1,2364,2364,2364,2364,1,,100,,,,,,,,,
Wicked Topaz [2],1,2365,2365,2365,2365,1,,100,,,,,,,,,
Wicked Topaz [3],1,2366,2366,2366,2366,1,,100,,,,,,,,,
,,,,,,,,,,,,,,,,,
Wicked Sapphire [1],1,2368,2368,2368,2368,1,,100,,,,,,,,,
Wicked Sapphire [2],1,2369,2369,2369,2369,1,,100,,,,,,,,,
Wicked Sapphire [3],1,2370,2370,2370,2370,1,,100,,,,,,,,,
,,,,,,,,,,,,,,,,,
Wicked Tourmaline [1],1,2372,2372,2372,2372,1,,100,,,,,,,,,
Wicked Tourmaline [2],1,2373,2373,2373,2373,1,,100,,,,,,,,,
Wicked Tourmaline [3],1,2374,2374,2374,2374,1,,100,,,,,,,,,
,,,,,,,,,,,,,,,,,
Wicked Emerald [1],1,2376,2376,2376,2376,1,,100,,,,,,,,,
Wicked Emerald [2],1,2377,2377,2377,2377,1,,100,,,,,,,,,
Wicked Emerald [3],1,2378,2378,2378,2378,1,,100,,,,,,,,,
,,,,,,,,,,,,,,,,,
,,,,,,,,,,,,,,,,,
Snowflake Wand,4,,,,,,,100,130,71,1890,1,1,,3000,0,83
Rose Wand,4,,,,,,,100,130,71,1843,1,1,,3000,0,83
White Rose Wand,4,,,,,,,100,130,71,1844,1,1,,3000,0,83
Blue Beam Sword,3,1880,,,,6,,100,1005,1009,,1,,,,,
Red Beam Sword,3,1881,,,,6,,100,1005,1009,,1,,,,,
Chainsaw,3,,,,1884,6,,100,1015,1019,,1,,,,,
,,,,,,,,,,,,,,,,,
,,,,,,,,,,,,,,,,,
,,,,,,,,,,,,,,,,,
,,,,,,,,,,,,,,,,,
,,,,,,,,,,,,,,,,,
,,,,,,,,,,,,,,,,,
,,,,,,,,,,,,,,,,,
,,,,,,,,,,,,,,,,,
,,,,,,,,,,,,,,,,,
,,,,,,,,,,,,,,,,,
,,,,,,,,,,,,,,,,,
,,,,,,,,,,,,,,,,,
,,,,,,,,,,,,,,,,,
,,,,,,,,,,,,,,,,,
WPN_EFT_001,3,2900,2910,,,6,,100,,,,,,,,,
WPN_EFT_002,3,2901,2911,,,6,,100,,,,,,,,,
WPN_EFT_003,3,2902,2912,,,6,,100,,,,,,,,,
WPN_EFT_004,3,2903,2913,,,6,,100,,,,,,,,,
WPN_EFT_005,3,2904,2914,,,6,,100,,,,,,,,,
WPN_EFT_006,3,2905,2915,,,6,,100,,,,,,,,,
WPN_EFT_007,3,2906,2916,,,6,,100,,,,,,,,,
WPN_EFT_008,3,2907,2917,,,6,,100,,,,,,,,,
WPN_EFT_009,3,2908,2918,,,6,,100,,,,,,,,,
WPN_EFT_010,3,2909,2919,,,6,,100,,,,,,,,,
WPN_EFT_011,3,2920,2921,,,6,,100,,,,,,,,,
WPN_EFT_Toxic,3,1858,1858,,,6,,100,,,,,,,,,
WPN_EFT_012,3,2922,2923,,,6,,100,,,,,,,,,
,,,,,,,,,,,,,,,,,
,,,,,,,,,,,,,,,,,
Bubble Machine,,1577,,,,,,,,,,,,,,,
Large Beer Mug,,1578,,,,,,,,,,,,,,,
Pixie Wings 1,,1582,,,,,,,,,,,,,,,
Pixie Wings 2,,1583,,,,,,,,,,,,,,,
Pixie Wings 3,,1584,,,,,,,,,,,,,,,
Gadget Pack,,1585,1585,,,,,,,,,,,,,,
Fairy Wing,,1588,,,,,,,,,,,,,,,
Another Fairy,,1589,,,,,,,,,,,,,,,
Fairy Blue Wing,,1590,,,,,,,,,,,,,,,
Fairy Purple Wing,,1591,,,,,,,,,,,,,,,
Magic Circle,,1592,,,,,,,,,,,,,,,
Angel Wing,,1593,,,,,,,,,,,,,,,
Black Angel Wing,,1594,,,,,,,,,,,,,,,
Cherry Blossom Effect,,1596,,,,,,,,,,,,,,,
Green Fairy Wing,,1597,,,,,,,,,,,,,,,
Black Fairy Wing,,1598,,,,,,,,,,,,,,,
Reborn Body Effect,,1599,,,,,,,,,,,,,,,
Lucky Ghost Aura,,1587,,,,,,,,,,,,,,,
Laguz Wing,,1576,,,,,,,,,,,,,,,
maximilien,,1626,,,,,,,,,,,,,,,
,,,,,,,,,,,,,,,,,
headphone,,1621,,,,,,,,,,,,,,,
snowcrystal,,1629,,,,,,,,,,,,,,,
headphone_orange,,1622,,,,,,,,,,,,,,,
firework_cap,,1623,,,,,,,,,,,,,,,
candle,,1624,,,,,,,,,,,,,,,
headphone,,1523,,,,,,,,,,,,,,,
jacklantan,,1628,,,,,,,,,,,,,,,
Reindeer Antlers,,1625,,,,,,,,,,,,,,,
Bat Arua,,1575,,,,,,,,,,,,,,,
Ancient Helmet,,1639,1639,,,,,,,,,,,,,,
Birthday Candle,,1640,,,,,,,,,,,,,,,
Sun Backshield 9,,1641,,,,,,,,,,,,9,,,
uchiwa blue,,1642,,,,,,,,,,,,,,,
Shaman Backshield,,1643,,,,,,,,,,,,,,,
Light Wing,,1595,,,,,,,,,,,,,,,
Berkana Eye,,1644,,,,,,,,,,,,,,,
Yellow Fairy Wing,,1645,,,,,,,,,,,,,,,
Reinforced Mining Bag,,1646,,,,,,,,,,,,9,,,
Blazing Wing,,1648,,,,,,,,,,,,,,,
Bronze Trophy,,1649,,,,,,,,,,,,,,,
Silver Trophy,,1650,,,,,,,,,,,,,,,
Gold Trophy,,1651,,,,,,,,,,,,,,,
Necromancer's Artifact,,2076,2075,2075,2075,,,,,,,,,9,,,
Flightpack,,1657,1656,1656,,,,,,,,,,,,,
Exiling Gold Backshield,,2081,,,,,,,,,,,,,,,
Gib Effect,3,2998,2999,,,6,,100,,,,,,,,,
Gib Wing,,2997,,,,,,,,,,,,,,,
,,,,,,,,,,,,,,,,,
,,,,,,,,,,,,,,,,,
,,,,,,,,,,,,,,,,,
,,,,,,,,,,,,,,,,,
,,,,,,,,,,,,,,,,,
,,,,,,,,,,,,,,,,,
,,,,,,,,,,,,,,,,,
,,,,,,,,,,,,,,,,,
,,,,,,,,,,,,,,,,,
,,,,,,,,,,,,,,,,,
,,,,,,,,,,,,,,,,,
,,,,,,,,,,,,,,,,,
,,,,,,,,,,,,,,,,,
,,,,,,,,,,,,,,,,,
,,,,,,,,,,,,,,,,,
,,,,,,,,,,,,,,,,,
,,,,,,,,,,,,,,,,,
,,,,,,,,,,,,,,,,,
,,,,,,,,,,,,,,,,,
,,,,,,,,,,,,,,,,,
,,,,,,,,,,,,,,,,,
,,,,,,,,,,,,,,,,,
,,,,,,,,,,,,,,,,,
,,,,,,,,,,,,,,,,,
,,,,,,,,,,,,,,,,,
,,,,,,,,,,,,,,,,,
,,,,,,,,,,,,,,,,,
,,,,,,,,,,,,,,,,,
,,,,,,,,,,,,,,,,,
,,,,,,,,,,,,,,,,,
,,,,,,,,,,,,,,,,,
,,,,,,,,,,,,,,,,,
,,,,,,,,,,,,,,,,,
,,,,,,,,,,,,,,,,,
,,,,,,,,,,,,,,,,,
,,,,,,,,,,,,,,,,,
,,,,,,,,,,,,,,,,,
,,,,,,,,,,,,,,,,,
,,,,,,,,,,,,,,,,,
,,,,,,,,,,,,,,,,,
,,,,,,,,,,,,,,,,,
,,,,,,,,,,,,,,,,,
,,,,,,,,,,,,,,,,,
,,,,,,,,,,,,,,,,,
,,,,,,,,,,,,,,,,,
,,,,,,,,,,,,,,,,,
,,,,,,,,,,,,,,,,,
,,,,,,,,,,,,,,,,,
,,,,,,,,,,,,,,,,,
,,,,,,,,,,,,,,,,,
,,,,,,,,,,,,,,,,,
,,,,,,,,,,,,,,,,,
,,,,,,,,,,,,,,,,,
,,,,,,,,,,,,,,,,,
,,,,,,,,,,,,,,,,,
,,,,,,,,,,,,,,,,,
Rocket Arm,4,,,,,,,100,1101,71,1948,1,1,,3000,146,83
,,,,,,,,,,,,,,,,,
,,,,,,,,,,,,,,,,,
,,,,,,,,,,,,,,,,,
,,,,,,,,,,,,,,,,,
,,,,,,,,,,,,,,,,,
,,,,,,,,,,,,,,,,,
