,,Prefix,,,,,,,1,,,,,,,,,,,,,,,,,,,,,,,,,,,,,,
Wooden Shield,subwpn\ssh3\ssh3.txt,,,261,200,0,8,12,1495,811,578,,,,,,,,,,,,,24,-5,,,,18,2,3,1,,,,,,,LSUB001
Tarz,subwpn\ssh4\ssh4.txt,,,261,750,0,12,14,1496,812,578,16,1,851,12,,,,10,20,,,,24,-5,,,,20,2,5,1,,,,,,,LSUB002
Round Shield,subwpn\ssh5\ssh5.txt,,,261,1350,0,12,16,1497,813,577,16,1,852,15,,,,10,36,,,,24,-5,,,,22,2,6,2,,,,,,,LSUB003
Buckler,subwpn\ssh6\ssh6.txt,,,261,2400,0,12,18,1498,814,577,16,1,853,18,,,,10,52,,,,24,-5,,,,24,2,8,2,,,,,,,LSUB004
Aspis,subwpn\ssh7\ssh7.txt,,,261,4600,0,12,20,1499,815,577,16,2,854,21,,,,10,68,,,,24,-5,,,,26,2,11,3,,,,,,,LSUB005
Hoplon,subwpn\ssh8\ssh8.txt,,,261,6850,0,12,22,1500,816,577,16,2,855,24,,,,10,84,,,,24,-5,,,,28,2,13,4,,,,,,,LSUB006
Kite Shield,subwpn\ssh9\ssh9.txt,,,261,10800,0,12,24,1501,817,576,16,3,856,27,,,,10,100,,,,24,-5,,,,30,2,16,5,,,,,,,LSUB007
Tower Shield,subwpn\ssh10\ssh10.txt,,,261,14500,0,12,26,1502,818,576,16,4,857,30,,,,10,114,,,,24,-5,,,,32,2,18,6,,,,,,,LSUB008
Mythril Shield,subwpn\ssh11\ssh11.txt,,,261,19950,0,12,27,1503,819,576,16,4,858,33,,,,10,128,,,,24,-5,,,,33,2,21,7,,,,,,,LSUB009
Plate Shield,subwpn\ssh12\ssh12.txt,,,261,27350,0,12,29,1504,820,576,16,5,859,36,,,,10,140,,,,24,-5,,,,35,2,24,8,,,,,,,LSUB010
Orc Shield,subwpn\ssh13\ssh13.txt,,,261,32950,0,12,30,1505,821,576,16,6,860,39,,,,10,152,,,,24,-5,,,,36,2,26,9,,,,,,,LSUB011
Blood Shield,subwpn\ssh14\ssh14.txt,,,261,43050,0,12,32,1506,822,578,16,7,861,42,,,,10,164,,,,24,-5,,,,38,2,29,10,,,,,,,LSUB012
Righteous Shield,subwpn\ssh15\ssh15.txt,,,261,51650,0,12,34,1482,823,578,16,8,862,45,,,,10,180,,,,24,-5,,,,40,2,33,11,,,,,,,LSUB013
Mighty Shield,subwpn\ssh16\ssh16.txt,,,261,63550,0,12,36,1483,824,578,16,9,863,48,,,,10,198,,,,24,-5,,,,42,2,38,13,,,,,,,LSUB014
Zephyr Defender,subwpn\ssh17\ssh17.txt,,,261,78250,0,15,38,1484,825,578,16,9,864,51,,,,10,232,,,,24,-5,,,,44,2,44,15,,,,,,,LSUB015
Silver Hearts Shield,subwpn\ssh18\ssh18.txt,,,261,96500,0,15,41,1485,826,578,16,10,865,54,,,,10,276,,,,24,-5,,,,47,2,51,17,,,,,,,LSUB016
Vivor Shield,subwpn\ssh19\ssh19.txt,,,261,118050,0,15,44,1486,827,578,16,11,866,57,,,,10,304,,,,24,-5,,,,50,2,59,20,,,,,,,LSUB017
Crimson Warlord Shield,subwpn\ssh20\ssh20.txt,,,261,137700,0,15,47,1469,828,578,16,12,867,62,,,,10,331,,,,24,-5,,,,53,2,67,23,,,,,,,LSUB018
,,,,261,183250,0,20,57,0,835,,,,,,,,,10,376,,,,24,-5,,,,63,2,104,35,,,,,,,
Aurum Warlord Shield,subwpn\ssh20\ssh20_aurum.txt,,,261,137700,0,15,47,1470,828,578,16,12,868,57,,,,10,331,,,,24,-5,,,,53,2,60,30,,,,,,,LSUB020
Attribution Shield,subwpn\atributionshield\atribution.txt,,,261,169650,0,15,49,1471,829,578,16,13,869,65,,,,10,366,,,,24,-5,,18,5,56,2,75,29,,,,,,,LSUB021
Atonement Shield,subwpn\atributionshield\atribution.txt,,,261,169650,0,15,49,1460,830,578,16,13,870,65,,,,10,366,,,,24,-5,,18,5,56,2,68,36,,,,,,,LSUB022
Foretelling Shield,SUBWPN\knight_shield\knight_shield.txt,,,261,164841,0,12,49,7739,831,578,16,12,875,60,,,,10,306,,,,24,-5,,22,10,50,2,50,24,,,,,,,LSUB023
Spider Shield,subwpn\ssh22\ssh.txt,,,261,168600,0,15,49,8674,834,578,16,12,876,60,,,,10,306,,,,24,-5,,26,10,50,2,60,14,,,,,,,LSUB024
Seraph Shield,SUBWPN\shield03_2021\shield03_2021.txt,,,261,167791,0,20,50,9445,827,578,,,,,,,,10,312,,,,24,5,,23,100,50,2,50,24,,,,,,,LSUB025
Blue Flame Shield,SUBWPN\bigforce\bigforce_1216.txt,,,261,167791,0,20,50,9446,827,578,,,,,,,,10,312,,,,24,-12,,18,10,50,2,56,19,,,,,,,LSUB026
Demon Star Shield,SUBWPN\fancy1_shield_20230629.txt,21,,261,151550,0,15,49,9662,835,578,,,,,61,,,10,306,,,,18,-75,,26,-75,56,1,224,136,,,,,,,LSUB027
,,,,261,162350,0,20,60,1537,838,,,,,,,,,10,400,,,,,,,,,66,2,95,39,,,,,,,
,,,,261,174350,0,20,61,1538,839,,,,,,,,,10,408,,,,,,,,,67,2,98,41,,,,,,,
,,,,261,186050,0,20,62,1539,840,,,,,,,,,10,416,,,,,,,,,68,2,101,42,,,,,,,
Jelly Bean Doll,subwpn\tool07\tool07.txt,,,264,6200,0,3,25,1547,841,578,16,1,871,18,,,,,,,,,14,6,,,,20,2,1,1,,,,,,,LSUB031
Choropy Doll,subwpn\tool09\tool09.txt,,,264,9500,0,3,25,1548,842,578,16,2,872,18,,,,,,,,,14,8,,,,20,2,1,1,,,,,,,LSUB032
Pumpkin Doll,subwpn\tool08\tool08.txt,,,264,13450,0,4,25,1549,843,578,16,3,873,18,,,,,,,,,14,10,,,,20,2,1,1,,,,,,,LSUB033
HoneyBee Doll,subwpn\tool10\tool10.txt,,,264,18100,0,4,25,1550,844,578,16,4,874,18,,,,,,,,,14,12,,,,20,2,1,1,,,,,,,LSUB034
Surfboard,subwpn\tool26\tool26.txt,,,263,1000,0,2,25,1582,845,578,93,1,1838,1,,,,,,,,,,,,,,30,1,1,1,,,,,,,LSUB035
Snowboard,subwpn\tool27\tool27.txt,,,261,1000,0,2,25,1552,846,578,,,,,,,,,,,,,14,16,,,,20,,1,1,,,,,,,
Snowboard,subwpn\tool30\tool30.txt,,,261,1000,0,2,25,1583,847,578,,,,,,,,,,,,,14,14,,,,20,2,1,1,,,,,,,LSUB036
Jelly Bean Surfboard,subwpn\tool0038\tool_F0038.txt,,,263,1560,0,2,25,2793,845,578,93,1,1838,1,,,,,,,,,,,,,,30,1,1,1,,,,,,,LSUB038
Wolf Doll,subwpn\tool27\tool27.txt,,,264,24530,0,5,25,1551,846,578,16,5,877,18,,,,,,,,,14,14,,,,20,2,1,1,,,,,,,LSUB039
Lifeguard Buoy,SUBWPN\TOOL35\tool35.txt,,,263,3000,0,2,25,4035,848,578,93,1,1838,1,,,,,,,,,,,,,,30,1,1,1,,,,,,,LSUB40
,subwpn\F1201\ssh_F12010.txt,,6,261,1000,0,500,100,2830,811,578,,,,,,,,,,,,,14,26,,,,20,,1,1,,,,,,,LSUB041
,subwpn\F1202\tool_F12020.txt,,6,261,1000,0,50,100,3059,811,578,,,,,,,,,,,,,14,28,,,,20,,1,1,,,,,,,LSUB042
,subwpn\F1203\ssh_F12030.txt,,6,261,1000,0,2,100,3060,99,578,,,,,,,,,,,,,14,30,,,,20,,1,1,,,,,,,LSUB043
,subwpn\F1204\tool_F12040.txt,,6,261,1000,0,50,100,3078,811,578,,,,,,,,,,,,,14,32,,,,20,,1,1,,,,,,,LSUB044
Hylian Shield,subwpn\zeldashield\,,6,261,0,0,15,40,5330,1029,578,,,,,,,,,,,,,24,-5,,,,75,4,10,10,,,,,,,LSUB045
Jar Shield,,,,261,12975,0,12,40,5359,1026,578,,,,,,,,10,72,,,,24,-5,,,,40,2,17,13,,,,,,,LSUB046
Victorious Lava Shield,subwpn\class01\knight.txt,25,6,261,137700,0,15,47,7181,848,578,,,,,,,,10,340,,,,24,-5,,,,53,2,67,23,,,,,,,LSUB047
Victorious Lava Orb,subwpn\class01\cleric.txt,25,6,262,200000,0,63,60,7182,848,578,,,,,,,,12,280,,,,12,6,,29,3,55,2,14,56,,,,,,,LSUB048
Shield of Rebirth,subwpn\class01\knight.txt,,6,261,157200000,0,15,25,8507,848,578,,,,,,,,111,9,10,50,,24,-5,,,,75,4,8,2,,,,,,,LSUB049
Magic Tool of Rebirth,subwpn\class01\cleric.txt,,6,262,157200000,0,15,25,8508,848,578,,,,,,,,111,9,12,50,,39,60,,,,75,4,2,5,,,,,,,LSUB050
,,,,261,197600,0,,25,1568,861,,,,,,,,,,,,,,14,46,,,,20,,,,,,,,,,
,,,,261,214100,0,,25,1569,862,,,,,,,,,,,,,,14,48,,,,20,,,,,,,,,,
,,,,261,231250,0,,25,1570,863,,,,,,,,,,,,,,14,50,,,,20,,,,,,,,,,
,,,,261,249100,0,,25,1571,864,,,,,,,,,,,,,,14,52,,,,20,,,,,,,,,,
,,,,261,267550,0,,25,,865,,,,,,,,,,,,,,14,54,,,,20,,,,,,,,,,
,,,,261,286700,0,,25,,866,,,,,,,,,,,,,,14,56,,,,20,,,,,,,,,,
,,,,261,306500,0,,25,,867,,,,,,,,,,,,,,14,58,,,,20,,,,,,,,,,
,,,,261,326950,0,,25,,868,,,,,,,,,,,,,,14,60,,,,20,,,,,,,,,,
,,,,261,348100,0,,25,,869,,,,,,,,,,,,,,14,62,,,,20,,,,,,,,,,
,,,,261,369850,0,,25,,870,,,,,,,,,,,,,,14,64,,,,20,,,,,,,,,,
Book of Standards,subwpn\tool02\tool02.txt,,,262,1050,0,,15,1560,871,578,,,,,,,,,,,,,39,20,,,,18,2,1,2,,,,,,,LSUB061
Oriental Drum,subwpn\tool19\tool19.txt,,,262,7050,0,,18,1561,872,578,15,1,881,18,,,,12,20,,,,39,30,,13,5,20,2,1,3,,,,,,,LSUB062
Book of Charm,subwpn\tool03\tool03.txt,,,262,9000,0,,20,1563,874,578,15,1,882,20,,,,12,30,,,,39,40,,14,5,22,2,1,4,,,,,,,LSUB064
Book of Concentration,subwpn\tool04\tool04.txt,,,262,14100,0,,21,1562,873,578,15,2,883,21,,,,12,40,,,,39,50,,21,7,23,2,1,4,,,,,,,LSUB063
Mythical Flute,subwpn\tool20\tool20.txt,,,262,8640,0,,23,1564,875,578,15,2,884,23,,,,12,50,,,,39,60,,29,1,24,2,2,5,,,,,,,LSUB065
Elven Anthology,subwpn\tool05\tool05.txt,,,262,10400,0,,24,1565,876,578,15,2,885,24,,,,12,60,,,,39,70,,,,25,2,2,6,,,,,,,LSUB066
Basic Encyclopedia,subwpn\tool06\tool06.txt,,,262,14150,0,,26,1566,877,578,15,3,886,26,,,,12,70,,,,39,80,,,,26,2,3,7,,,,,,,LSUB067
Magic Mirror,subwpn\tool11\tool11.txt,,,262,17800,0,,27,1567,878,578,15,3,887,27,,,,12,80,,,,39,90,,,,28,2,3,8,1,,,,,,LSUB068
Shadow Mirror,subwpn\tool12\tool12.txt,,,262,22900,0,,29,1568,879,578,15,3,888,29,,,,12,90,,,,39,100,,,,29,2,4,9,1,,,,,,LSUB069
Mana Stone,subwpn\tool13\tool13.txt,,,262,30630,0,,30,1569,880,578,15,4,889,30,,,,12,100,,,,39,110,,28,1,30,2,4,11,1,,,,,,LSUB070
Rune Stone,subwpn\tool14\tool14.txt,,,262,36860,0,,32,1570,881,578,15,4,890,32,,,,12,110,,,,39,120,,28,1,31,2,4,12,,,,,,,LSUB071
Cubic Scepter,subwpn\tool15\tool15.txt,,,262,46630,0,,33,1571,882,578,15,5,891,33,,,,12,120,,,,39,130,,28,2,32,2,5,13,,,,,,,LSUB072
Holy Scepter,subwpn\tool16\tool16.txt,,,262,55440,0,,35,1573,883,578,15,5,892,35,,,,12,130,,,,39,140,,28,2,34,2,5,15,1,,,,,,LSUB073
Meteoric Scepter,subwpn\tool17\tool17.txt,,,262,67600,0,,36,1574,884,578,15,6,893,36,,,,12,140,,,,39,150,,28,3,35,2,6,16,1,,,,,,LSUB074
Elven Harp,subwpn\tool18\tool18.txt,,,262,78640,0,,38,1575,885,578,15,6,894,38,,,,12,150,,,,39,160,,28,3,36,2,6,18,1,,,,,,LSUB075
Lunaris Candy Bar,subwpn\tool21\tool21.txt,,,262,92640,0,,40,1577,886,578,15,7,895,40,,,,12,165,,,,39,170,,28,4,38,2,6,20,,,,,,,LSUB076
Holy Tree Leaf,subwpn\tool22\tool22.txt,,,262,104410,0,,42,1578,887,578,15,7,896,42,,,,12,180,,,,39,180,,28,4,40,2,7,23,,,,,,,LSUB077
Eye of Storm,subwpn\tool23\tool23.txt,,,262,122150,0,,45,1579,888,578,15,8,897,44,,,,12,200,,,,39,190,,28,5,42,2,7,26,,,,,,,LSUB078
Orb of Rage,subwpn\tool24\tool24.txt,,,262,137600,0,,48,1580,889,578,15,9,898,46,,,,12,220,,,,39,200,,28,5,44,2,8,31,,,,,,,LSUB079
Orb of Abyss,subwpn\tool25\tool25.txt,,,262,157180,0,,51,1581,890,578,15,10,899,48,,,,12,240,,,,39,210,,28,6,47,2,8,35,,,,,,,LSUB080
Cornell's Diary,subwpn\tool28\tool28.txt,,6,263,1000,0,2,25,1557,891,,,,,,,,,,,,,,,,,,,75,2,1,1,,,,,,,LSUB081
Magic Pearl,subwpn\tool29\tool29.txt,,,262,194180,0,,57,1558,892,,,17,,,,,,12,280,,,,39,230,,28,7,52,2,9,44,,,,,,,LSUB082
Mystic Shell,subwpn\atool01\atool01.txt,,,262,214540,0,,60,1535,893,578,15,10,900,70,,,,12,260,,,,12,5,,29,2,54,2,12,53,,,,,,,LSUB083
Kindred Mirror,subwpn\cleric_shield\cleric_shield_tool.txt,,,262,266549,0,,66,9841,893,578,,,,,,,,12,290,,,,12,8,,62,30,70,1,15,59,,,,,,,LSUB084
,,,,261,297990,0,,67,,896,,,24,,,,,,12,348,,,,39,300,,28,9,60,,13,63,,,,,,,
,,,,261,297990,0,,67,,896,,,24,,,,,,12,348,,,,39,300,,28,9,60,,13,63,,,,,,,
,,,,261,319210,0,,68,,897,,,25,,,,,,12,356,,,,39,280,,28,9,61,,14,65,,,,,,,
,,,,261,355250,0,,70,,898,,,26,,,,,,12,364,,,,39,290,,28,10,62,,15,68,,,,,,,
,,,,261,378900,0,,71,,899,,,27,,,,,,12,372,,,,39,300,,28,10,63,,16,70,,,,,,,
,,,,261,415280,0,,72,,900,,,28,,,,,,12,380,,,,39,310,,28,11,64,,17,73,,,,,,,
Bunny Doll,subwpn\bunnydoll.bunnydoll.txt,,,264,1000,0,5,25,1672,858,578,,,,,,,,,,,,,14,25,,,,20,1,1,1,,,,,,,LSUB091
Focusing Skull,subwpn\skullwand\,21,,262,297990,0,,50,6219,584,578,,,,,,,,39,900,,,,13,7,,15,7,45,1,4,8,,,,,,,LSUB092
Snowflake Snowboard,,,,261,1000,0,2,25,3022,854,578,,,,,,,,,,,,,14,14,,,,20,2,1,1,,,,,,,LSUB093
Gibster's Shield,,33,6,261,1000,0,2,10,9649,854,578,,,,,,,,,,,,,,,,,,100,2,10,10,,,,,,,LSUB094
,,,,,,,,,,905,,,,,,,,,,,,,,,,,,,,,,,,,,,,,
,,,,,,,,,,907,,,,,,,,,,,,,,,,,,,,,,,,,,,,,
,,,,,,,,,,907,,,,,,,,,,,,,,,,,,,,,,,,,,,,,
,,,,,,,,,,908,,,,,,,,,,,,,,,,,,,,,,,,,,,,,
,,,,,,,,,,909,,,,,,,,,,,,,,,,,,,,,,,,,,,,,
,,,,,,,,,,910,,,,,,,,,,,,,,,,,,,,,,,,,,,,,
,,,,,,,,,,910,,,,,,,,,,,,,,,,,,,,,,,,,,,,,
,,,,,,,,,,910,,,,,,,,,,,,,,,,,,,,,,,,,,,,,
,,,,,,,,,,,,,,,,,,,,,,,,,,,,,,,,,,,,,,,
,,,,,,,,,,,,,,,,,,,,,,,,,,,,,,,,,,,,,,,
Magic Textbook,,,6,263,1000,0,2,25,2910,834,578,,,,,,,,,,,,,,,,,,75,2,1,1,,,,,,,LSUB105
Tambourine,,,6,263,1000,0,2,25,2897,834,578,,,,,,,,,,,,,,,,,,75,2,1,1,,,,,,,LSUB106
Reflect Dagger,,,6,263,1000,0,2,25,2902,834,578,,,,,,,,,,,,,,,,,,75,2,1,1,,,,,,,LSUB107
Trash Lid Shield,,,6,261,1000,0,2,25,2903,834,578,,,,,,,,,,,,,,,,,,75,2,1,1,,,,,,,LSUB108
Arua's Big Bottle,subwpn\bottle\bottle.txt,,,261,5000,0,10,30,2983,783,578,,,,,,,,,,,,,27,25,,28,25,65,,15,10,,,,,,,LSUB109
,,,,,,,,,,,,,,,,,,,,,,,,,,,,,,,,,,,,,,,
Inflatable Bed,subwpn\waterbed\SE_INFB010.txt,,,263,5000,0,10,30,2991,784,578,93,1,1838,1,,,,,,,,,,,,,,50,1,4,4,,,,,,,LSUB111
,,,,,,,,,,,,,,,,,,,,,,,,,,,,,,,,,,,,,,,
Easter Basket,subwpn\tool_F1214.txt,,,263,1000,0,10,10,1673,785,578,93,1,1831,1,,,,,,,,,,,,,,30,1,1,1,,,,,,,LSUB113
,,,,,,,,,,,,,,,,,,,,,,,,,,,,,,,,,,,,,,,
Ocean Breeze Fan,SUBWPN\Event\fans_uchiwa\uchiwa_b.txt,,,263,3100,0,1,25,4036,861,578,93,1,1838,1,,,,,,,,,,,,,,30,1,1,1,,,,,,,LSUB115
Noble Koi Fan,SUBWPN\Event\fans_uchiwa\uchiwa_bk.txt,,,263,3100,0,1,25,4037,862,578,93,1,1838,1,,,,,,,,,,,,,,30,1,1,1,,,,,,,LSUB116
Hopping Grasshopper Fan,SUBWPN\Event\fans_uchiwa\uchiwa_g.txt,,,263,3100,0,1,25,4038,863,578,93,1,1838,1,,,,,,,,,,,,,,30,1,1,1,,,,,,,LSUB117
Gliding Dragonfly Fan,SUBWPN\Event\fans_uchiwa\uchiwa_o.txt,,,263,3100,0,1,25,4039,864,578,93,1,1838,1,,,,,,,,,,,,,,30,1,1,1,,,,,,,LSUB118
Daring Rabbit Fan,SUBWPN\Event\fans_uchiwa\uchiwa_p.txt,,,263,3100,0,1,25,4040,865,578,93,1,1838,1,,,,,,,,,,,,,,30,1,1,1,,,,,,,LSUB119
Falling Leaf Fan,SUBWPN\Event\fans_uchiwa\uchiwa_r.txt,,,263,3100,0,1,25,4041,866,578,93,1,1838,1,,,,,,,,,,,,,,30,1,1,1,,,,,,,LSUB120
Paintbrush,SUBWPN\Event\School\brush.txt,,6,263,1000,0,3,25,3889,855,578,,,,,,,,,,,,,,,,,,30,2,1,1,,,,,,,LSUB121
Crayon,SUBWPN\Event\School\crayon.txt,,6,263,1000,0,3,25,3890,856,578,,,,,,,,,,,,,,,,,,30,2,1,1,,,,,,,LSUB122
Pen,SUBWPN\Event\School\pen.txt,,6,263,1000,0,3,25,3891,857,578,,,,,,,,,,,,,,,,,,30,2,1,1,,,,,,,LSUB123
Pencil,SUBWPN\Event\School\pencil.txt,,6,263,1000,0,3,25,3892,858,578,,,,,,,,,,,,,,,,,,30,2,1,1,,,,,,,LSUB124
Scissors,SUBWPN\Event\School\scissors.txt,,6,263,1000,0,3,25,3893,860,578,,,,,,,,,,,,,,,,,,30,2,1,1,,,,,,,LSUB125
Pitchfork,SUBWPN\Event\halloween\devil_fork.txt,,6,263,1000,0,2,25,3894,834,578,,,,,,,,,,,,,,,,,,20,2,1,1,,,,,,,LSUB126
Wildflower,SUBWPN\Event\halloween\frank_daisy.txt,,6,263,1000,0,2,25,3895,835,578,,,,,,,,,,,,,,,,,,20,2,1,1,,,,,,,LSUB127
Ankh,SUBWPN\Event\halloween\mummy_anhk.txt,,6,263,1000,0,2,25,3896,836,578,,,,,,,,,,,,,14,10,,,,20,2,1,1,,,,,,,LSUB128
Vampire Amulet,SUBWPN\Event\halloween\vamp_charm.txt,,6,263,1000,0,2,25,3897,837,578,,,,,,,,,,,,,,,,,,20,2,1,1,,,,,,,LSUB129
Meatbone,SUBWPN\Event\halloween\wolf_meat.txt,,6,263,1000,0,2,25,3898,838,578,,,,,,,,,,,,,,,,,,20,2,1,1,,,,,,,LSUB130
Wicked Wand,SUBWPN\Event\halloween\witch_wand.txt,,6,263,1000,0,2,25,3906,839,578,,,,,,,,,,,,,,,,,,20,2,1,1,,,,,,,LSUB131
Severed Limb,SUBWPN\Event\halloween\zombie_arm.txt,,6,263,1000,0,2,25,3907,840,578,,,,,,,,,,,,,,,,,,20,2,1,1,,,,,,,LSUB132
ROSE Pennant,SUBWPN\Event\WinterOlympics\flags\flag_rose.txt,,,263,3000,0,2,25,3908,806,578,,,,,,,,31,100,,,,15,12,,26,20,31,,1,1,,,,,,,LSUB133
Junon Order Pennant,SUBWPN\Event\WinterOlympics\flags\flag_junonOrder.txt,,,263,3000,0,2,25,3909,807,578,,,,,,,,31,100,,,,11,12,,22,20,31,,1,1,,,,,,,LSUB134
Arumic Pennant,SUBWPN\Event\WinterOlympics\flags\flag_arumic.txt,,,263,3000,0,2,25,3910,808,578,,,,,,,,31,100,,,,12,12,,21,20,31,,1,1,,,,,,,LSUB135
Righteous Crusader Pennant,SUBWPN\Event\WinterOlympics\flags\flag_righteous.txt,,,263,3000,0,2,25,3911,809,578,,,,,,,,31,100,,,,10,12,,19,20,31,,1,1,,,,,,,LSUB136
Ferrell Guild Pennant,SUBWPN\Event\WinterOlympics\flags\flag_ferrellGuild.txt,,,263,3000,0,2,25,3913,810,578,,,,,,,,31,100,,,,13,12,,20,20,31,,1,1,,,,,,,LSUB137
Little Red Basket,SUBWPN\akazukin_basket\akazukin_basket_0906_wa.txt,,6,263,1000,0,10,10,4255,,578,,,,,,,,,,,,,,,,,,35,2,1,1,,,,,,,LSUB138
Rabbit Watch,SUBWPN\alice_watch\alice_watch.txt,,,263,1000,0,5,10,4827,786,578,93,1,1831,1,,,,,,,,,,,,,,55,1,1,1,,,,,,,LSUB139
The Big Hand,subwpn\orlo\jacksGlove\jacksGlove.txt,,,263,12523,0,10,30,4829,893,578,,,,,,,,31,180,,,,38,2500,,,,20,,100,55,,,,,,,LSUB140
Chocolate Popsicle,subwpn\tool_F1226.txt,,,263,1000,0,2,25,2489,849,578,,,,,,,,,,,,,,,,,,30,2,1,1,,,,,,,LSUB141
Blueberry Popsicle,subwpn\tool_F1223.txt,,,263,1000,0,2,25,2490,850,578,,,,,,,,,,,,,,,,,,30,2,1,1,,,,,,,LSUB142
Soda Bottle,subwpn\tool_F1229.txt,,,263,1000,0,2,25,2487,851,578,,,,,,,,,,,,,,,,,,30,2,1,1,,,,,,,LSUB143
Pink Soda Bottle,subwpn\tool_F1224.txt,,,263,1000,0,2,25,2488,852,578,,,,,,,,,,,,,,,,,,30,2,1,1,,,,,,,LSUB144
Cannie and Baggie Surfboard,SUBWPN\tool26\beachcleanboard.txt,,,263,3000,0,2,25,2491,845,578,,,,,,,,,,,,,,,,,,30,2,1,1,,,,,,,LSUB145
Candy Shield,,,,261,1000,0,4,35,5546,1025,578,,,,,,,,,,,,,14,30,,,,65,2,10,10,,,,,,,LSUB146
Shield of Cheer,subwpn\ssh4\ssh4.txt,,,261,750,0,10,14,7313,1130,578,,,,,,,,,,,,,14,10,,,,20,2,3,1,,,,,,,LSUB147
Magic Tool of Spearmint,subwpn\tool19\tool19.txt,,,262,705,0,,18,7314,1129,578,,,,,,,,,,,,,14,10,,,,20,2,1,3,,,,,,,LSUB148
Boggy Doll,subwpn\tool07\tool07.txt,,6,264,620,0,3,25,7336,841,578,,,,,,,,,,,,,14,6,,,,20,1,1,1,,,,,,,LSUB149
Heart Gift,SUBWPN\Event\fans_uchiwa\uchiwa_b.txt,,6,263,0,0,1,25,4466,861,578,,,,,,,,,,,,,,,,,,31,1,1,1,,,,,,,LSUB150
Festive Candy Cane,subwpn\tool19\tool19.txt,,,263,705,0,2,18,7728,1137,578,,,,,,,,,,,,,14,5,,,,20,2,1,1,,,,,,,LSUB151
Snowman Toy,subwpn\tool19\tool19.txt,,,263,705,0,1,18,7727,1138,578,,,,,,,,,,,,,14,5,,,,20,2,1,1,,,,,,,LSUB152
Wishing Star,subwpn\tool19\tool19.txt,,,263,705,0,1,18,7729,1139,578,,,,,,,,,,,,,14,5,,,,20,2,1,1,,,,,,,LSUB153
Jingle Bell,subwpn\tool19\tool19.txt,,,263,705,0,1,18,7726,1140,578,,,,,,,,,,,,,14,5,,,,20,2,1,1,,,,,,,LSUB154
Summer Ice Bottle,SUBWPN\summerfashionice\summerfashionice_green_0824_cr.txt,,,263,1000,0,1,25,8545,866,578,,,,,,,,,,,,,,,,,,30,,1,1,,,,,,,LSUB155
Goldfish,,,,263,1000,0,1,25,8550,866,578,,,,,,,,,,,,,,,,,,30,,1,1,,,,,,,LSUB156
Watermelon Shield,,,,263,1000,0,5,25,2666,853,578,,,,,,,,,,,,,,,,,,30,2,1,1,,,,,,,LSUB157
Dessert Cake,,,,263,1000,0,1,25,9081,856,578,,,,,,,,,,,,,,,,,,30,2,1,1,,,,,,,LSUB158
Wrapped Present,,,,263,1000,0,5,25,9082,857,578,,,,,,,,,,,,,,,,,,30,2,1,1,,,,,,,LSUB159
,,,,,,,,,,,,,,,,,,,,,,,,,,,,,,,,,,,,,,,
NPC Guard Spear,SUBWPN\guard\guard.txt,,,,,,,,,,,,,,,,,,,,,,,,,,,,,,,,,,,,,,
Sikuku Enforcer (Spear),SUBWPN\torturer\torturer.txt,,,,,,,,,,,,,,,,,,,,,,,,,,,,,,,,,,,,,,
,,,,,,,,,,,,,,,,,,,,,,,,,,,,,,,,,,,,,,,
,,,,,,,,,,,,,,,,,,,,,,,,,,,,,,,,,,,,,,,
,,,,,,,,,,,,,,,,,,,,,,,,,,,,,,,,,,,,,,,
,,,,,,,,,,,,,,,,,,,,,,,,,,,,,,,,,,,,,,,
,,,,,,,,,,,,,,,,,,,,,,,,,,,,,,,,,,,,,,,
,,,,,,,,,,,,,,,,,,,,,,,,,,,,,,,,,,,,,,,
Mirror of Infinity,SUBWPN\cleric_shield_cleric_shield01.txt,,,262,223580,0,70,63,6158,895,578,,,,,,,,12,280,,,,12,6,,29,3,55,2,14,56,,,,,,,LSUB169
Enchanting Heart,SUBWPN\alekshield\alekshield.txt,,,262,200000,0,63,60,6159,896,578,15,11,901,80,,,,12,280,,,,12,6,,29,3,55,2,14,56,,,,,,,LSUB170
Haunting Heart,SUBWPN\alekshield\alekshield.txt,,,262,200000,0,63,60,8509,900,578,15,11,903,80,,,,12,280,,,,22,6,,29,3,55,2,14,56,,,,,,,LSUB171
Dragon Book,,,,262,214540,0,,60,1535,897,578,,,,,,,,16,260,,,,12,5,,29,2,54,2,12,53,,,,,,,LSUB172
Blessed Twin Moon,subwpn\moonshield\moonshield.txt,,,262,244300,0,65,66,1545,1027,578,15,12,902,85,,,,12,300,,,,12,10,,29,4,56,2,17,62,,,,,,,LSUB173
Exalted Twin Moon,subwpn\moonshield\moonshield.txt,,,262,244300,0,65,66,8577,1024,578,15,12,904,85,,,,12,300,,,,22,10,,29,4,56,2,17,62,,,,,,,LSUB174
Magic Tool of Infinity,SUBWPN\lv210\lv210_magicshield_white_0321_cr.txt,,,262,299900,0,68,68,7742,827,578,15,13,905,85,,,,12,320,,,,12,14,,14,40,58,2,18,64,,,,,,,LSUB175
Fafnir Artifact,SUBWPN\lv225\lv225_dolagon_1118_cr.txt,,,262,299900,0,68,68,7743,827,578,15,13,906,85,,,,12,320,,,,12,14,,23,100,58,2,18,64,,,,,,,LSUB176
,,,,,,,,,,,,,,,,,,,,,,,,,,,,,,,,,,,,,,,
,,,,,,,,,,,,,,,,,,,,,,,,,,,,,,,,,,,,,,,
,,,,,,,,,,,,,,,,,,,,,,,,,,,,,,,,,,,,,,,
,,,,,,,,,,,,,,,,,,,,,,,,,,,,,,,,,,,,,,,
,,,,,,,,,,,,,,,,,,,,,,,,,,,,,,,,,,,,,,,
,,,,,,,,,,,,,,,,,,,,,,,,,,,,,,,,,,,,,,,
,,,,,,,,,,,,,,,,,,,,,,,,,,,,,,,,,,,,,,,
,,,,,,,,,,,,,,,,,,,,,,,,,,,,,,,,,,,,,,,
,,,,,,,,,,,,,,,,,,,,,,,,,,,,,,,,,,,,,,,
,,,,,,,,,,,,,,,,,,,,,,,,,,,,,,,,,,,,,,,
,,,,,,,,,,,,,,,,,,,,,,,,,,,,,,,,,,,,,,,
,,,,,,,,,,,,,,,,,,,,,,,,,,,,,,,,,,,,,,,
,,,,,,,,,,,,,,,,,,,,,,,,,,,,,,,,,,,,,,,
,,,,,,,,,,,,,,,,,,,,,,,,,,,,,,,,,,,,,,,
,,,,,,,,,,,,,,,,,,,,,,,,,,,,,,,,,,,,,,,
,,,,,,,,,,,,,,,,,,,,,,,,,,,,,,,,,,,,,,,
,,,,,,,,,,,,,,,,,,,,,,,,,,,,,,,,,,,,,,,
,,,,,,,,,,,,,,,,,,,,,,,,,,,,,,,,,,,,,,,
,,,,,,,,,,,,,,,,,,,,,,,,,,,,,,,,,,,,,,,
,,,,,,,,,,,,,,,,,,,,,,,,,,,,,,,,,,,,,,,
,,,,,,,,,,,,,,,,,,,,,,,,,,,,,,,,,,,,,,,
,,,,,,,,,,,,,,,,,,,,,,,,,,,,,,,,,,,,,,,
,,,,,,,,,,,,,,,,,,,,,,,,,,,,,,,,,,,,,,,
Basic Blood Armbrace,SUBWPN\dragon_force\dragon_force_0305_cr.txt,,,570,12560,0,2,10,6708,162,578,16,1,1311,30,62,,,,,,,,38,10,,,,120,1,0,0,,,,,,,LSUB200
Common Blood Armbrace,SUBWPN\dragon_force\dragon_force_0305_cr.txt,,,570,25690,0,2,15,6709,162,578,16,3,1312,35,62,,,,,,,,38,20,,,,120,1,0,0,,,,,,,LSUB201
Regular Blood Armbrace,SUBWPN\dragon_force\dragon_force_0305_cr.txt,,,570,39540,0,2,20,6710,162,578,16,5,1313,40,62,,,,,,,,38,30,,,,120,1,0,0,,,,,,,LSUB202
Rare Blood Armbrace,SUBWPN\dragon_force\dragon_force_0305_cr.txt,,,570,60966,0,2,25,6711,162,578,16,7,1314,45,62,,,,,,,,38,40,,,,120,1,0,0,,,,,,,LSUB203
Advanced Blood Armbrace,SUBWPN\dragon_force\dragon_force_0305_cr.txt,,,570,102015,0,2,30,6712,162,578,16,9,1315,50,62,,,,,,,,38,50,,,,120,1,0,0,,,,,,,LSUB204
Basic Magical Armbrace,SUBWPN\dragon_force\dragon_force_blue_0305_cr.txt,,,570,12560,0,2,10,6721,162,578,16,1,1316,30,62,,,,,,,,39,30,,,,120,1,0,0,,,,,,,LSUB205
Common Magical Armbrace,SUBWPN\dragon_force\dragon_force_blue_0305_cr.txt,,,570,25690,0,2,15,6722,162,578,16,3,1317,35,62,,,,,,,,39,40,,,,120,1,0,0,,,,,,,LSUB206
Regular Magical Armbrace,SUBWPN\dragon_force\dragon_force_blue_0305_cr.txt,,,570,39540,0,2,20,6723,162,578,16,5,1318,40,62,,,,,,,,39,50,,,,120,1,0,0,,,,,,,LSUB207
Rare Magical Armbrace,SUBWPN\dragon_force\dragon_force_blue_0305_cr.txt,,,570,60966,0,2,25,6724,162,578,16,7,1319,45,62,,,,,,,,39,60,,,,120,1,0,0,,,,,,,LSUB208
Advanced Magical Armbrace,SUBWPN\dragon_force\dragon_force_blue_0305_cr.txt,,,570,102015,0,2,30,6725,162,578,16,9,1320,50,62,,,,,,,,39,75,,,,120,1,0,0,,,,,,,LSUB209
Basic Shadow Armbrace,SUBWPN\dragon_force\dragon_force_black_0305_cr.txt,,,570,12560,0,2,15,6734,162,578,16,2,1321,35,62,,,,,,,,10,-2,,,,120,1,0,0,,,,,,,LSUB210
Common Shadow Armbrace,SUBWPN\dragon_force\dragon_force_black_0305_cr.txt,,,570,25690,0,2,20,6735,162,578,16,4,1322,40,62,,,,,,,,10,-1,,,,120,1,0,0,,,,,,,LSUB211
Regular Shadow Armbrace,SUBWPN\dragon_force\dragon_force_black_0305_cr.txt,,,570,39540,0,2,25,6736,162,578,16,6,1323,45,62,,,,,,,,,,,,,120,1,0,0,,,,,,,LSUB212
Rare Shadow Armbrace,SUBWPN\dragon_force\dragon_force_black_0305_cr.txt,,,570,60966,0,2,30,6737,162,578,16,8,1324,50,62,,,,,,,,10,1,,,,120,1,0,0,,,,,,,LSUB213
Advanced Shadow Armbrace,SUBWPN\dragon_force\dragon_force_black_0305_cr.txt,,,570,102015,0,2,35,6738,162,578,16,10,1325,55,62,,,,,,,,10,2,,,,120,1,0,0,,,,,,,LSUB214
Wretched Armbrace,SUBWPN\Armbraces\Armbrace1\Armbrace1.txt,,,570,100000,0,2,25,6739,162,578,,,,,62,,,,,,,,10,-2,,,,75,4,0,0,,,,,,,LSUB215
Silentful Armbrace,SUBWPN\Armbraces\Armbrace2\Armbrace2.txt,,,570,126597,0,4,30,6740,162,578,,,,,62,,,,,,,,10,2,,20,4,120,1,0,0,,,,,,,LSUB216
Neptune's Grace,SUBWPN\Armbraces\Armbrace3\Armbrace3.txt,,,570,365546,0,4,40,6741,162,578,,,,,62,,,,,,,,10,2,,26,4,120,1,0,0,,,,,,,LSUB217
Moon's Presence,SUBWPN\Armbraces\Armbrace4\Armbrace4.txt,,,570,156215,0,4,30,7662,162,578,16,10,1328,55,62,,,,,,,,24,4,,18,5,120,1,0,0,,,,,,,LSUB218
Crest of Delusion,SUBWPN\Armbraces\Armbrace4\Armbrace5.txt,,,570,136581,0,4,30,7663,162,578,16,10,1329,55,62,,,,,,,,24,4,,20,5,120,1,0,0,,,,,,,LSUB219
Twilight Desire,SUBWPN\lv230\lv230_lindwurm01_1222_cr_ab.txt,,,570,145520,0,4,30,7776,162,578,16,10,1330,55,62,,,,,,,,10,2,,26,4,120,1,0,0,,,,,,,LSUB220
Winged Compass of Time,SUBWPN\Armbraces\armbrace6\COMPASS_FORCE_0301.txt,,,570,122652,0,4,34,9660,162,578,16,10,1338,55,62,,,,,,,,23,80,,18,5,120,1,0,0,,,,,,,LSUB221
Winged Compass of Space,SUBWPN\Armbraces\armbrace6\COMPASS_FORCE_0301.txt,,,570,122652,0,4,34,9661,162,578,16,10,1339,55,62,,,,,,,,14,25,,18,5,120,1,0,0,,,,,,,LSUB222
Praxis Force,SUBWPN\Armbraces\armbrace7\armbrace7.txt,,,570,166554,0,4,30,9842,162,578,,,,,62,,,10,260,,,,18,5,,26,4,120,1,0,0,,,,,,,LSUB223
Sunlight Kindred,SUBWPN\Armbraces\armbrace8\armbrace8.txt,,,570,222400,0,4,40,9843,162,578,16,10,193,35,62,,,10,260,,,,18,6,,12,10,120,1,0,0,,,,,,,LSUB224
Violin,SUBWPN\Event\fans_uchiwa\uchiwa_b.txt,,6,263,100,0,3,25,4607,861,578,,,,,,,,,,,,,,,,,,30,,1,1,,,,,,,LSUB225
Briefcase,SUBWPN\Event\fans_uchiwa\uchiwa_b.txt,,6,263,100,0,3,25,4608,861,578,,,,,,,,,,,,,,,,,,30,,1,1,,,,,,,LSUB226
Heart Briefcase,SUBWPN\Event\fans_uchiwa\uchiwa_b.txt,,6,263,100,0,3,25,4609,861,578,,,,,,,,,,,,,,,,,,30,,1,1,,,,,,,LSUB227
Checkered Briefcase,SUBWPN\Event\fans_uchiwa\uchiwa_b.txt,,6,263,100,0,3,25,4610,861,578,,,,,,,,,,,,,,,,,,30,,1,1,,,,,,,LSUB228
Steel Briefcase,SUBWPN\Event\fans_uchiwa\uchiwa_b.txt,,6,263,100,0,3,25,4611,861,578,,,,,,,,,,,,,,,,,,30,,1,1,,,,,,,LSUB229
Umbrella,SUBWPN\Event\fans_uchiwa\uchiwa_b.txt,,6,263,100,0,3,25,4612,861,578,,,,,,,,,,,,,,,,,,30,,1,1,,,,,,,LSUB230
Black Umbrella,SUBWPN\Event\fans_uchiwa\uchiwa_b.txt,,6,263,100,0,3,25,4613,861,578,,,,,,,,,,,,,,,,,,30,,1,1,,,,,,,LSUB231
School Bag,SUBWPN\Event\fans_uchiwa\uchiwa_b.txt,,6,263,100,0,3,25,4654,861,578,,,,,,,,,,,,,,,,,,30,,1,1,,,,,,,LSUB232
Pink Umbrella,SUBWPN\Event\fans_uchiwa\uchiwa_b.txt,,6,263,100,0,3,25,4655,861,578,,,,,,,,,,,,,,,,,,30,,1,1,,,,,,,LSUB233
Pink Purse,SUBWPN\Event\fans_uchiwa\uchiwa_b.txt,,6,263,100,0,3,25,4656,861,578,,,,,,,,,,,,,,,,,,30,1,1,1,,,,,,,LSUB234
Blue Purse,SUBWPN\Event\fans_uchiwa\uchiwa_b.txt,,6,263,100,0,3,25,4657,861,578,,,,,,,,,,,,,,,,,,30,1,1,1,,,,,,,LSUB235
Pink Briefcase,SUBWPN\Event\fans_uchiwa\uchiwa_b.txt,,6,263,100,0,3,25,4658,861,578,,,,,,,,,,,,,,,,,,30,1,1,1,,,,,,,LSUB236
War Drum,SUBWPN\Event\fans_uchiwa\uchiwa_b.txt,,6,263,100,0,3,25,2600,861,578,,,,,,,,,,,,,,,,,,30,,1,1,,,,,,,LSUB237
Saints Pendant,SUBWPN\Event\fans_uchiwa\uchiwa_b.txt,,6,263,100,0,3,25,2602,861,578,,,,,,,,,,,,,,,,,,30,2,1,1,,,,,,,LSUB238
Jack Lantern Shield,SUBWPN\Event\fans_uchiwa\uchiwa_b.txt,,,261,100,0,3,25,5145,861,578,,,,,,,,,,,,,,,,,,30,2,1,1,,,,,,,LSUB239
Rose,SUBWPN\Event\fans_uchiwa\uchiwa_b.txt,,,263,100,0,1,25,7809,1141,578,,,,,,,,,,,,,,,,,,30,2,1,1,,,,,,,LSUB240
Blue Briefcase,,,6,263,100,0,3,25,4246,861,578,,,,,,,,,,,,,,,,,,30,1,1,1,,,,,,,LSUB241
Red Surfboard,,,,263,1000,0,2,25,4493,855,578,93,1,1838,1,,,,,,,,,,,,,,30,1,1,1,,,,,,,LSUB242
Transcendence Armbrace,SUBWPN\Armbraces\armbrace9\armbrace9.txt,35,,570,389900,0,4,40,9845,162,578,16,10,194,5,62,,,10,260,,,,18,10,,24,15,120,1,0,0,,,,,,,LSUB243
,,,,,,,,,,,,,,,,,,,,,,,,,,,,,,,,,,,,,,,
,,,,,,,,,,,,,,,,,,,,,,,,,,,,,,,,,,,,,,,
,,,,,,,,,,,,,,,,,,,,,,,,,,,,,,,,,,,,,,,
,,,,,,,,,,,,,,,,,,,,,,,,,,,,,,,,,,,,,,,
,,,,,,,,,,,,,,,,,,,,,,,,,,,,,,,,,,,,,,,
jRose Shields,,,,,,,,,,,,,,,,,,,,,,,,,,,,,,,,,,,,,,,
Knight Shield [USED IN 23],SUBWPN\knight_shield\knight_shield.txt,,6,261,1180,0,15,44,7739,827,578,,,,,,,,,,,,,24,-5,,,,50,2,59,20,,,,,,,LSUB250
Skull Bone Shield,SUBWPN\lv210\lv210_crossbowshield_white_0321_cr.txt,,6,261,1180,0,15,44,7740,827,578,,,,,,,,,,,,,24,-5,,,,50,2,59,20,,,,,,,LSUB251
Dragon Shield,SUBWPN\lv210\lv210_dolagon_gold_0322_cr.txt,,6,261,1180,0,15,44,7741,827,578,,,,,,,,,,,,,24,-5,,,,50,2,59,20,,,,,,,LSUB252
Cleric Shield,SUBWPN\lv210\lv210_magicshield_white_0321_cr.txt,,6,261,1180,0,15,44,7742,827,578,,,,,,,,,,,,,24,-5,,,,50,2,59,20,,,,,,,LSUB253
Fafnir Shield,SUBWPN\lv225\lv225_dolagon_1118_cr.txt,,6,261,1180,0,15,44,7743,827,578,,,,,,,,,,,,,24,-5,,,,50,2,59,20,,,,,,,LSUB254
Nevin Shield,SUBWPN\lv225\lv225_crossbowshield_1118_cr.txt,,6,261,1180,0,15,44,7744,827,578,,,,,,,,,,,,,24,-5,,,,50,2,59,20,,,,,,,LSUB255
Arumic Violin (not using),SUBWPN\arumic_violin\arumic_violin_0805_wa.txt,,6,261,1180,0,15,44,1,827,578,,,,,,,,,,,,,24,-5,,,,50,2,59,20,,,,,,,LSUB256
Crusader Shield,SUBWPN\righteous_sh\righteous_sh_0803_wa.txt,,,261,40000,0,15,45,7745,832,578,,,,,,,,10,300,114,20,,24,-5,,10,4,60,2,65,10,,,,,,,LSUB257
Junon Order Cross,SUBWPN\junon_cross\junon_cross_1129_wa.txt,,,262,40000,0,5,45,7746,833,578,,,,,,,,114,20,,,,14,25,,28,8,60,2,5,20,,,,,,,LSUB258
Steam Shield,SUBWPN\steampunk_shild\steampumk_shield_0324_cr.txt,,6,261,1180,0,15,44,7774,827,578,,,,,,,,,,,,,24,-5,,,,50,2,59,20,,,,,,,LSUB259
Steam Armbrace,SUBWPN\steampumk_amulet\steampumk_amulet_0324_cr.txt,,6,570,1180,0,15,44,7775,827,578,,,,,,,,,,,,,24,-5,,,,50,2,59,20,,,,,,,LSUB260
Linto Wurm Shield,SUBWPN\lv230\lv230_lindwurm_1222_cr.txt,,6,261,1180,0,15,44,7776,827,578,,,,,,,,,,,,,24,-5,,,,50,2,59,20,,,,,,,LSUB261
Ushumgal Shield,SUBWPN\lv230\lv230_ushumgal_1222_cr.txt,,6,261,1180,0,15,44,7777,827,578,,,,,,,,,,,,,24,-5,,,,50,2,59,20,,,,,,,LSUB262
Eva Zlatrok Buckler,SUBWPN\lv230\lv230v2_zlatorog_0302_cr.txt,,6,261,1180,0,15,44,8552,827,578,,,,,,,,,,,,,24,-5,,,,50,2,59,20,,,,,,,LSUB263
Celestial Wing Shield,SUBWPN\shield01_2021\shield01_2021.txt,,6,261,1180,0,15,44,9443,827,578,,,,,,,,,,,,,24,-5,,,,50,2,59,20,,,,,,,LSUB264
Dragon God Shield,SUBWPN\shield02_2021\shield02_2021.txt,,6,261,1180,0,15,44,9444,827,578,,,,,,,,,,,,,24,-5,,,,50,2,59,20,,,,,,,LSUB265
Seraph Shield [USED IN 25],SUBWPN\shield03_2021\shield03_2021.txt,,6,261,1180,0,15,44,9445,827,578,,,,,,,,,,,,,24,-5,,,,50,2,59,20,,,,,,,LSUB266
Blue Flame Shield [USED IN 26],SUBWPN\bigforce\bigforce_1216.txt,,6,261,1180,0,15,44,9446,827,578,,,,,,,,,,,,,24,-5,,,,50,2,59,20,,,,,,,LSUB267
Holy Knight Shield,SUBWPN\fancy1_shield_20230609\fancy1_shield_20230629.txt,,6,261,1180,0,15,44,9562,827,578,,,,,,,,,,,,,24,-5,,,,50,2,59,20,,,,,,,LSUB268
Berserker Shield,SUBWPN\fancy2_shield_20230609\fancy2_shield_20230629.txt,,6,261,1180,0,15,44,9563,827,578,,,,,,,,,,,,,24,-5,,,,50,2,59,20,,,,,,,LSUB269
Circle of Magic,SUBWPN\fancy3_shield_20230609\fancy3_shield_20230629.txt,,6,261,1180,0,15,44,9564,827,578,,,,,,,,,,,,,24,-5,,,,50,2,59,20,,,,,,,LSUB270
Wing Shield,SUBWPN\fancy4_shield_20230609\fancy4_shield_20230629.txt,,6,261,1180,0,15,44,9565,827,578,,,,,,,,,,,,,24,-5,,,,50,2,59,20,,,,,,,LSUB271
,,,,,,,,,,,,,,,,,,,,,,,,,,,,,,,,,,,,,,,
,,,,,,,,,,,,,,,,,,,,,,,,,,,,,,,,,,,,,,,
,,,,,,,,,,,,,,,,,,,,,,,,,,,,,,,,,,,,,,,
,,,,,,,,,,,,,,,,,,,,,,,,,,,,,,,,,,,,,,,
,,,,,,,,,,,,,,,,,,,,,,,,,,,,,,,,,,,,,,,
,,,,,,,,,,,,,,,,,,,,,,,,,,,,,,,,,,,,,,,
,,,,,,,,,,,,,,,,,,,,,,,,,,,,,,,,,,,,,,,
,,,,,,,,,,,,,,,,,,,,,,,,,,,,,,,,,,,,,,,
,,,,,,,,,,,,,,,,,,,,,,,,,,,,,,,,,,,,,,,
,,,,,,,,,,,,,,,,,,,,,,,,,,,,,,,,,,,,,,,
,,,,,,,,,,,,,,,,,,,,,,,,,,,,,,,,,,,,,,,
,,,,,,,,,,,,,,,,,,,,,,,,,,,,,,,,,,,,,,,
,,,,,,,,,,,,,,,,,,,,,,,,,,,,,,,,,,,,,,,
,,,,,,,,,,,,,,,,,,,,,,,,,,,,,,,,,,,,,,,
,,,,,,,,,,,,,,,,,,,,,,,,,,,,,,,,,,,,,,,
,,,,,,,,,,,,,,,,,,,,,,,,,,,,,,,,,,,,,,,
,,,,,,,,,,,,,,,,,,,,,,,,,,,,,,,,,,,,,,,
,,,,,,,,,,,,,,,,,,,,,,,,,,,,,,,,,,,,,,,
,,,,,,,,,,,,,,,,,,,,,,,,,,,,,,,,,,,,,,,
,,,,,,,,,,,,,,,,,,,,,,,,,,,,,,,,,,,,,,,
,,,,,,,,,,,,,,,,,,,,,,,,,,,,,,,,,,,,,,,
,,,,,,,,,,,,,,,,,,,,,,,,,,,,,,,,,,,,,,,
,,,,,,,,,,,,,,,,,,,,,,,,,,,,,,,,,,,,,,,
,,,,,,,,,,,,,,,,,,,,,,,,,,,,,,,,,,,,,,,
,,,,,,,,,,,,,,,,,,,,,,,,,,,,,,,,,,,,,,,
,,,,,,,,,,,,,,,,,,,,,,,,,,,,,,,,,,,,,,,
,,,,,,,,,,,,,,,,,,,,,,,,,,,,,,,,,,,,,,,
,,,,,,,,,,,,,,,,,,,,,,,,,,,,,,,,,,,,,,,
,,,,,,,,,,,,,,,,,,,,,,,,,,,,,,,,,,,,,,,
Fighter Rackie (Leaf Shield),WEAPON\mobwpn\mob_raccoon\mob_raccoon2.txt,,,,,,,50,,,,,,,,,,,,,,,,,,,,,,,,,,,,,,,
Woopie King (Shield),WEAPON\mobwpn\mob_wolf\mob_wolf3.txt,,,,,,,50,,,,,,,,,,,,,,,,,,,,,,,,,,,,,,,
Doonga Warrior (Shield),WEAPON\mobwpn\mob_small_Goblin3\mob_small_Goblin3.txt,,,,,,,50,,,,,,,,,,,,,,,,,,,,,,,,,,,,,,,
Yeti Guard (Shield,WEAPON\mobwpn\mon_tyrantgarda\mon_tyrantgarda.txt,,,,,,,50,,,,,,,,,,,,,,,,,,,,,,,,,,,,,,,
Tirwin (Shield),WEAPON\mobwpn\mon_tirwin\mon_tirwinsheld.txt,,,,,,,,,,,,,,,,,,,,,,,,,,,,,,,,,,,,,,
,,,,,,,,,,,,,,,,,,,,,,,,,,,,,,,,,,,,,,,
,,,,,,,,,,,,,,,,,,,,,,,,,,,,,,,,,,,,,,,
,,,,,,,,,,,,,,,,,,,,,,,,,,,,,,,,,,,,,,,
,,,,,,,,,,,,,,,,,,,,,,,,,,,,,,,,,,,,,,,
,,,,,,,,,,,,,,,,,,,,,,,,,,,,,,,,,,,,,,,
,,,,,,,,,,,,,,,,,,,,,,,,,,,,,,,,,,,,,,,
,,,,,,,,,,,,,,,,,,,,,,,,,,,,,,,,,,,,,,,
,,,,,,,,,,,,,,,,,,,,,,,,,,,,,,,,,,,,,,,
,,,,,,,,,,,,,,,,,,,,,,,,,,,,,,,,,,,,,,,
,,,,,,,,,,,,,,,,,,,,,,,,,,,,,,,,,,,,,,,
,,,,,,,,,,,,,,,,,,,,,,,,,,,,,,,,,,,,,,,
,,,,,,,,,,,,,,,,,,,,,,,,,,,,,,,,,,,,,,,
,,,,,,,,,,,,,,,,,,,,,,,,,,,,,,,,,,,,,,,
,,,,,,,,,,,,,,,,,,,,,,,,,,,,,,,,,,,,,,,
,,,,,,,,,,,,,,,,,,,,,,,,,,,,,,,,,,,,,,,
,,,,,,,,,,,,,,,,,,,,,,,,,,,,,,,,,,,,,,,
,,,,,,,,,,,,,,,,,,,,,,,,,,,,,,,,,,,,,,,
,,,,,,,,,,,,,,,,,,,,,,,,,,,,,,,,,,,,,,,
,,,,,,,,,,,,,,,,,,,,,,,,,,,,,,,,,,,,,,,
,,,,,,,,,,,,,,,,,,,,,,,,,,,,,,,,,,,,,,,
,,,,,,,,,,,,,,,,,,,,,,,,,,,,,,,,,,,,,,,
,,,,,,,,,,,,,,,,,,,,,,,,,,,,,,,,,,,,,,,
,,,,,,,,,,,,,,,,,,,,,,,,,,,,,,,,,,,,,,,
,,,,,,,,,,,,,,,,,,,,,,,,,,,,,,,,,,,,,,,
,,,,,,,,,,,,,,,,,,,,,,,,,,,,,,,,,,,,,,,
,,,,,,,,,,,,,,,,,,,,,,,,,,,,,,,,,,,,,,,
,,,,,,,,,,,,,,,,,,,,,,,,,,,,,,,,,,,,,,,
,,,,,,,,,,,,,,,,,,,,,,,,,,,,,,,,,,,,,,,
,,,,,,,,,,,,,,,,,,,,,,,,,,,,,,,,,,,,,,,
,,,,,,,,,,,,,,,,,,,,,,,,,,,,,,,,,,,,,,,
,,,,,,,,,,,,,,,,,,,,,,,,,,,,,,,,,,,,,,,
,,,,,,,,,,,,,,,,,,,,,,,,,,,,,,,,,,,,,,,
,,,,,,,,,,,,,,,,,,,,,,,,,,,,,,,,,,,,,,,
,,,,,,,,,,,,,,,,,,,,,,,,,,,,,,,,,,,,,,,
,,,,,,,,,,,,,,,,,,,,,,,,,,,,,,,,,,,,,,,
,,,,,,,,,,,,,,,,,,,,,,,,,,,,,,,,,,,,,,,
,,,,,,,,,,,,,,,,,,,,,,,,,,,,,,,,,,,,,,,
,,,,,,,,,,,,,,,,,,,,,,,,,,,,,,,,,,,,,,,
,,,,,,,,,,,,,,,,,,,,,,,,,,,,,,,,,,,,,,,
,,,,,,,,,,,,,,,,,,,,,,,,,,,,,,,,,,,,,,,
,,,,,,,,,,,,,,,,,,,,,,,,,,,,,,,,,,,,,,,
,,,,,,,,,,,,,,,,,,,,,,,,,,,,,,,,,,,,,,,
,,,,,,,,,,,,,,,,,,,,,,,,,,,,,,,,,,,,,,,
,,,,,,,,,,,,,,,,,,,,,,,,,,,,,,,,,,,,,,,
,,,,,,,,,,,,,,,,,,,,,,,,,,,,,,,,,,,,,,,
,,,,,,,,,,,,,,,,,,,,,,,,,,,,,,,,,,,,,,,
,,,,,,,,,,,,,,,,,,,,,,,,,,,,,,,,,,,,,,,
,,,,,,,,,,,,,,,,,,,,,,,,,,,,,,,,,,,,,,,
,,,,,,,,,,,,,,,,,,,,,,,,,,,,,,,,,,,,,,,
,,,,,,,,,,,,,,,,,,,,,,,,,,,,,,,,,,,,,,,
,,,,,,,,,,,,,,,,,,,,,,,,,,,,,,,,,,,,,,,
,,,,,,,,,,,,,,,,,,,,,,,,,,,,,,,,,,,,,,,
,,,,,,,,,,,,,,,,,,,,,,,,,,,,,,,,,,,,,,,
,,,,,,,,,,,,,,,,,,,,,,,,,,,,,,,,,,,,,,,
,,,,,,,,,,,,,,,,,,,,,,,,,,,,,,,,,,,,,,,
,,,,,,,,,,,,,,,,,,,,,,,,,,,,,,,,,,,,,,,
,,,,,,,,,,,,,,,,,,,,,,,,,,,,,,,,,,,,,,,
,,,,,,,,,,,,,,,,,,,,,,,,,,,,,,,,,,,,,,,
,,,,,,,,,,,,,,,,,,,,,,,,,,,,,,,,,,,,,,,
,,,,,,,,,,,,,,,,,,,,,,,,,,,,,,,,,,,,,,,
,,,,,,,,,,,,,,,,,,,,,,,,,,,,,,,,,,,,,,,
,,,,,,,,,,,,,,,,,,,,,,,,,,,,,,,,,,,,,,,
,,,,,,,,,,,,,,,,,,,,,,,,,,,,,,,,,,,,,,,
,,,,,,,,,,,,,,,,,,,,,,,,,,,,,,,,,,,,,,,
,,,,,,,,,,,,,,,,,,,,,,,,,,,,,,,,,,,,,,,
,,,,,,,,,,,,,,,,,,,,,,,,,,,,,,,,,,,,,,,
,,,,,,,,,,,,,,,,,,,,,,,,,,,,,,,,,,,,,,,
,,,,,,,,,,,,,,,,,,,,,,,,,,,,,,,,,,,,,,,
,,,,,,,,,,,,,,,,,,,,,,,,,,,,,,,,,,,,,,,
,,,,,,,,,,,,,,,,,,,,,,,,,,,,,,,,,,,,,,,
,,,,,,,,,,,,,,,,,,,,,,,,,,,,,,,,,,,,,,,
,,,,,,,,,,,,,,,,,,,,,,,,,,,,,,,,,,,,,,,
,,,,,,,,,,,,,,,,,,,,,,,,,,,,,,,,,,,,,,,
,,,,,,,,,,,,,,,,,,,,,,,,,,,,,,,,,,,,,,,
,,,,,,,,,,,,,,,,,,,,,,,,,,,,,,,,,,,,,,,
,,,,,,,,,,,,,,,,,,,,,,,,,,,,,,,,,,,,,,,
,,,,,,,,,,,,,,,,,,,,,,,,,,,,,,,,,,,,,,,
,,,,,,,,,,,,,,,,,,,,,,,,,,,,,,,,,,,,,,,
,,,,,,,,,,,,,,,,,,,,,,,,,,,,,,,,,,,,,,,
,,,,,,,,,,,,,,,,,,,,,,,,,,,,,,,,,,,,,,,
,,,,,,,,,,,,,,,,,,,,,,,,,,,,,,,,,,,,,,,
,,,,,,,,,,,,,,,,,,,,,,,,,,,,,,,,,,,,,,,
,,,,,,,,,,,,,,,,,,,,,,,,,,,,,,,,,,,,,,,
,,,,,,,,,,,,,,,,,,,,,,,,,,,,,,,,,,,,,,,
,,,,,,,,,,,,,,,,,,,,,,,,,,,,,,,,,,,,,,,
,,,,,,,,,,,,,,,,,,,,,,,,,,,,,,,,,,,,,,,
,,,,,,,,,,,,,,,,,,,,,,,,,,,,,,,,,,,,,,,
,,,,,,,,,,,,,,,,,,,,,,,,,,,,,,,,,,,,,,,
,,,,,,,,,,,,,,,,,,,,,,,,,,,,,,,,,,,,,,,
,,,,,,,,,,,,,,,,,,,,,,,,,,,,,,,,,,,,,,,
,,,,,,,,,,,,,,,,,,,,,,,,,,,,,,,,,,,,,,,
,,,,,,,,,,,,,,,,,,,,,,,,,,,,,,,,,,,,,,,
,,,,,,,,,,,,,,,,,,,,,,,,,,,,,,,,,,,,,,,
,,,,,,,,,,,,,,,,,,,,,,,,,,,,,,,,,,,,,,,
,,,,,,,,,,,,,,,,,,,,,,,,,,,,,,,,,,,,,,,
,,,,,,,,,,,,,,,,,,,,,,,,,,,,,,,,,,,,,,,
,,,,,,,,,,,,,,,,,,,,,,,,,,,,,,,,,,,,,,,
,,,,,,,,,,,,,,,,,,,,,,,,,,,,,,,,,,,,,,,
,,,,,,,,,,,,,,,,,,,,,,,,,,,,,,,,,,,,,,,
,,,,,,,,,,,,,,,,,,,,,,,,,,,,,,,,,,,,,,,
,,,,,,,,,,,,,,,,,,,,,,,,,,,,,,,,,,,,,,,
,,,,,,,,,,,,,,,,,,,,,,,,,,,,,,,,,,,,,,,
,,,,,,,,,,,,,,,,,,,,,,,,,,,,,,,,,,,,,,,
,,,,,,,,,,,,,,,,,,,,,,,,,,,,,,,,,,,,,,,
,,,,,,,,,,,,,,,,,,,,,,,,,,,,,,,,,,,,,,,
,,,,,,,,,,,,,,,,,,,,,,,,,,,,,,,,,,,,,,,
,,,,,,,,,,,,,,,,,,,,,,,,,,,,,,,,,,,,,,,
,,,,,,,,,,,,,,,,,,,,,,,,,,,,,,,,,,,,,,,
,,,,,,,,,,,,,,,,,,,,,,,,,,,,,,,,,,,,,,,
,,,,,,,,,,,,,,,,,,,,,,,,,,,,,,,,,,,,,,,
,,,,,,,,,,,,,,,,,,,,,,,,,,,,,,,,,,,,,,,
,,,,,,,,,,,,,,,,,,,,,,,,,,,,,,,,,,,,,,,
,,,,,,,,,,,,,,,,,,,,,,,,,,,,,,,,,,,,,,,
,,,,,,,,,,,,,,,,,,,,,,,,,,,,,,,,,,,,,,,
,,,,,,,,,,,,,,,,,,,,,,,,,,,,,,,,,,,,,,,
,,,,,,,,,,,,,,,,,,,,,,,,,,,,,,,,,,,,,,,
,,,,,,,,,,,,,,,,,,,,,,,,,,,,,,,,,,,,,,,
,,,,,,,,,,,,,,,,,,,,,,,,,,,,,,,,,,,,,,,
,,,,,,,,,,,,,,,,,,,,,,,,,,,,,,,,,,,,,,,
,,,,,,,,,,,,,,,,,,,,,,,,,,,,,,,,,,,,,,,
,,,,,,,,,,,,,,,,,,,,,,,,,,,,,,,,,,,,,,,
,,,,,,,,,,,,,,,,,,,,,,,,,,,,,,,,,,,,,,,
,,,,,,,,,,,,,,,,,,,,,,,,,,,,,,,,,,,,,,,
,,,,,,,,,,,,,,,,,,,,,,,,,,,,,,,,,,,,,,,
,,,,,,,,,,,,,,,,,,,,,,,,,,,,,,,,,,,,,,,
,,,,,,,,,,,,,,,,,,,,,,,,,,,,,,,,,,,,,,,
,,,,,,,,,,,,,,,,,,,,,,,,,,,,,,,,,,,,,,,
,,,,,,,,,,,,,,,,,,,,,,,,,,,,,,,,,,,,,,,
,,,,,,,,,,,,,,,,,,,,,,,,,,,,,,,,,,,,,,,
,,,,,,,,,,,,,,,,,,,,,,,,,,,,,,,,,,,,,,,
,,,,,,,,,,,,,,,,,,,,,,,,,,,,,,,,,,,,,,,
,,,,,,,,,,,,,,,,,,,,,,,,,,,,,,,,,,,,,,,
,,,,,,,,,,,,,,,,,,,,,,,,,,,,,,,,,,,,,,,
,,,,,,,,,,,,,,,,,,,,,,,,,,,,,,,,,,,,,,,
,,,,,,,,,,,,,,,,,,,,,,,,,,,,,,,,,,,,,,,
,,,,,,,,,,,,,,,,,,,,,,,,,,,,,,,,,,,,,,,
,,,,,,,,,,,,,,,,,,,,,,,,,,,,,,,,,,,,,,,
,,,,,,,,,,,,,,,,,,,,,,,,,,,,,,,,,,,,,,,
,,,,,,,,,,,,,,,,,,,,,,,,,,,,,,,,,,,,,,,
,,,,,,,,,,,,,,,,,,,,,,,,,,,,,,,,,,,,,,,
,,,,,,,,,,,,,,,,,,,,,,,,,,,,,,,,,,,,,,,
,,,,,,,,,,,,,,,,,,,,,,,,,,,,,,,,,,,,,,,
,,,,,,,,,,,,,,,,,,,,,,,,,,,,,,,,,,,,,,,
,,,,,,,,,,,,,,,,,,,,,,,,,,,,,,,,,,,,,,,
,,,,,,,,,,,,,,,,,,,,,,,,,,,,,,,,,,,,,,,
,,,,,,,,,,,,,,,,,,,,,,,,,,,,,,,,,,,,,,,
,,,,,,,,,,,,,,,,,,,,,,,,,,,,,,,,,,,,,,,
,,,,,,,,,,,,,,,,,,,,,,,,,,,,,,,,,,,,,,,
,,,,,,,,,,,,,,,,,,,,,,,,,,,,,,,,,,,,,,,
,,,,,,,,,,,,,,,,,,,,,,,,,,,,,,,,,,,,,,,
,,,,,,,,,,,,,,,,,,,,,,,,,,,,,,,,,,,,,,,
,,,,,,,,,,,,,,,,,,,,,,,,,,,,,,,,,,,,,,,
,,,,,,,,,,,,,,,,,,,,,,,,,,,,,,,,,,,,,,,
,,,,,,,,,,,,,,,,,,,,,,,,,,,,,,,,,,,,,,,
,,,,,,,,,,,,,,,,,,,,,,,,,,,,,,,,,,,,,,,
,,,,,,,,,,,,,,,,,,,,,,,,,,,,,,,,,,,,,,,
,,,,,,,,,,,,,,,,,,,,,,,,,,,,,,,,,,,,,,,
,,,,,,,,,,,,,,,,,,,,,,,,,,,,,,,,,,,,,,,
,,,,,,,,,,,,,,,,,,,,,,,,,,,,,,,,,,,,,,,
,,,,,,,,,,,,,,,,,,,,,,,,,,,,,,,,,,,,,,,
,,,,,,,,,,,,,,,,,,,,,,,,,,,,,,,,,,,,,,,
,,,,,,,,,,,,,,,,,,,,,,,,,,,,,,,,,,,,,,,
,,,,,,,,,,,,,,,,,,,,,,,,,,,,,,,,,,,,,,,
,,,,,,,,,,,,,,,,,,,,,,,,,,,,,,,,,,,,,,,
,,,,,,,,,,,,,,,,,,,,,,,,,,,,,,,,,,,,,,,
,,,,,,,,,,,,,,,,,,,,,,,,,,,,,,,,,,,,,,,
,,,,,,,,,,,,,,,,,,,,,,,,,,,,,,,,,,,,,,,
,,,,,,,,,,,,,,,,,,,,,,,,,,,,,,,,,,,,,,,
,,,,,,,,,,,,,,,,,,,,,,,,,,,,,,,,,,,,,,,
,,,,,,,,,,,,,,,,,,,,,,,,,,,,,,,,,,,,,,,
,,,,,,,,,,,,,,,,,,,,,,,,,,,,,,,,,,,,,,,
,,,,,,,,,,,,,,,,,,,,,,,,,,,,,,,,,,,,,,,
,,,,,,,,,,,,,,,,,,,,,,,,,,,,,,,,,,,,,,,
,,,,,,,,,,,,,,,,,,,,,,,,,,,,,,,,,,,,,,,
,,,,,,,,,,,,,,,,,,,,,,,,,,,,,,,,,,,,,,,
,,,,,,,,,,,,,,,,,,,,,,,,,,,,,,,,,,,,,,,
,,,,,,,,,,,,,,,,,,,,,,,,,,,,,,,,,,,,,,,
,,,,,,,,,,,,,,,,,,,,,,,,,,,,,,,,,,,,,,,
,,,,,,,,,,,,,,,,,,,,,,,,,,,,,,,,,,,,,,,
,,,,,,,,,,,,,,,,,,,,,,,,,,,,,,,,,,,,,,,
,,,,,,,,,,,,,,,,,,,,,,,,,,,,,,,,,,,,,,,
,,,,,,,,,,,,,,,,,,,,,,,,,,,,,,,,,,,,,,,
,,,,,,,,,,,,,,,,,,,,,,,,,,,,,,,,,,,,,,,
,,,,,,,,,,,,,,,,,,,,,,,,,,,,,,,,,,,,,,,
,,,,,,,,,,,,,,,,,,,,,,,,,,,,,,,,,,,,,,,
,,,,,,,,,,,,,,,,,,,,,,,,,,,,,,,,,,,,,,,
,,,,,,,,,,,,,,,,,,,,,,,,,,,,,,,,,,,,,,,
,,,,,,,,,,,,,,,,,,,,,,,,,,,,,,,,,,,,,,,
,,,,,,,,,,,,,,,,,,,,,,,,,,,,,,,,,,,,,,,
,,,,,,,,,,,,,,,,,,,,,,,,,,,,,,,,,,,,,,,
,,,,,,,,,,,,,,,,,,,,,,,,,,,,,,,,,,,,,,,
,,,,,,,,,,,,,,,,,,,,,,,,,,,,,,,,,,,,,,,
,,,,,,,,,,,,,,,,,,,,,,,,,,,,,,,,,,,,,,,
,,,,,,,,,,,,,,,,,,,,,,,,,,,,,,,,,,,,,,,
Wooden Shield,subwpn\ssh3\ssh3.txt,,13,261,0,0,25,12,1495,811,578,,,,,,,,,,,,,24,-5,,,,18,2,9,3,,,,,,,LSUB001
Tarz,subwpn\ssh4\ssh4.txt,,13,261,0,0,35,14,1496,812,578,,,,,,,,,,,,,24,-5,,,,20,2,12,6,,,,,,,LSUB002
Kite Shield,subwpn\ssh9\ssh9.txt,,13,261,0,0,45,24,1501,817,576,,,,,,,,,,,,,24,-5,,,,30,2,15,9,,,,,,,LSUB007
Blood Shield,subwpn\ssh14\ssh14.txt,,13,261,0,0,55,32,1506,822,578,,,,,,,,,,,,,24,-5,,,,38,2,18,12,,,,,,,LSUB012
Aurum Warlord Shield,subwpn\ssh20\ssh20_aurum.txt,,13,261,0,0,65,47,1470,828,578,,,,,,,,,,,,,24,-5,,,,53,2,22,15,,,,,,,LSUB020
,,,,,,,,,,,,,,,,,,,,,,,,,,,,,,,,,,,,,,,
