Name,MotionRow,MotionCol,Action,AnimName,ZmoPath
m_261_0,261,0,STOP1,car_sit_m1,3DDATA\MOTION\AVATAR\car_sit_m1.ZMO
m_261_1,261,1,STOP1,car_sit_m1,3DDATA\MOTION\AVATAR\car_sit_m1.ZMO
m_261_2,261,2,STOP1,car_sit_m1,3DDATA\MOTION\AVATAR\car_sit_m1.ZMO
m_261_3,261,3,STOP1,car_sit_m1,3DDATA\MOTION\AVATAR\car_sit_m1.ZMO
m_261_4,261,4,STOP1,car_sit_m1,3DDATA\MOTION\AVATAR\car_sit_m1.ZMO
m_261_5,261,5,STOP1,car_sit_m1,3DDATA\MOTION\AVATAR\car_sit_m1.ZMO
m_261_6,261,6,STOP1,car_sit_m1,3DDATA\MOTION\AVATAR\car_sit_m1.ZMO
m_261_7,261,7,STOP1,car_sit_m1,3DDATA\MOTION\AVATAR\car_sit_m1.ZMO
m_261_8,261,8,STOP1,car_sit_m1,3DDATA\MOTION\AVATAR\car_sit_m1.ZMO
m_261_9,261,9,STOP1,car_sit_m1,3DDATA\MOTION\AVATAR\car_sit_m1.ZMO
m_261_10,261,10,STOP1,car_sit_m1,3DDATA\MOTION\AVATAR\car_sit_m1.ZMO
m_261_11,261,11,STOP1,car_sit_m1,3DDATA\MOTION\AVATAR\car_sit_m1.ZMO
m_261_12,261,12,STOP1,car_sit_m1,3DDATA\MOTION\AVATAR\car_sit_m1.ZMO
m_261_13,261,13,STOP1,car_sit_m1,3DDATA\MOTION\AVATAR\car_sit_m1.ZMO
m_261_14,261,14,STOP1,car_sit_m1,3DDATA\MOTION\AVATAR\car_sit_m1.ZMO
m_261_15,261,15,STOP1,car_sit_m1,3DDATA\MOTION\AVATAR\car_sit_m1.ZMO
m_261_16,261,16,STOP1,car_sit_m1,3DDATA\MOTION\AVATAR\car_sit_m1.ZMO
m_261_17,261,17,STOP1,car_sit_m1,3DDATA\MOTION\AVATAR\car_sit_m1.ZMO
m_261_18,261,18,STOP1,car_sit_m1,3DDATA\MOTION\AVATAR\car_sit_m1.ZMO
m_261_19,261,19,STOP1,car_sit_m1,3DDATA\MOTION\AVATAR\car_sit_m1.ZMO
m_262_0,262,0,MOVE,car_sit_m1,3DDATA\MOTION\AVATAR\car_sit_m1.ZMO
m_262_1,262,1,MOVE,car_sit_m1,3DDATA\MOTION\AVATAR\car_sit_m1.ZMO
m_262_2,262,2,MOVE,car_sit_m1,3DDATA\MOTION\AVATAR\car_sit_m1.ZMO
m_262_3,262,3,MOVE,car_sit_m1,3DDATA\MOTION\AVATAR\car_sit_m1.ZMO
m_262_4,262,4,MOVE,car_sit_m1,3DDATA\MOTION\AVATAR\car_sit_m1.ZMO
m_262_5,262,5,MOVE,car_sit_m1,3DDATA\MOTION\AVATAR\car_sit_m1.ZMO
m_262_6,262,6,MOVE,car_sit_m1,3DDATA\MOTION\AVATAR\car_sit_m1.ZMO
m_262_7,262,7,MOVE,car_sit_m1,3DDATA\MOTION\AVATAR\car_sit_m1.ZMO
m_262_8,262,8,MOVE,car_sit_m1,3DDATA\MOTION\AVATAR\car_sit_m1.ZMO
m_262_9,262,9,MOVE,car_sit_m1,3DDATA\MOTION\AVATAR\car_sit_m1.ZMO
m_262_10,262,10,MOVE,car_sit_m1,3DDATA\MOTION\AVATAR\car_sit_m1.ZMO
m_262_11,262,11,MOVE,car_sit_m1,3DDATA\MOTION\AVATAR\car_sit_m1.ZMO
m_262_12,262,12,MOVE,car_sit_m1,3DDATA\MOTION\AVATAR\car_sit_m1.ZMO
m_262_13,262,13,MOVE,car_sit_m1,3DDATA\MOTION\AVATAR\car_sit_m1.ZMO
m_262_14,262,14,MOVE,car_sit_m1,3DDATA\MOTION\AVATAR\car_sit_m1.ZMO
m_262_15,262,15,MOVE,car_sit_m1,3DDATA\MOTION\AVATAR\car_sit_m1.ZMO
m_262_16,262,16,MOVE,car_sit_m1,3DDATA\MOTION\AVATAR\car_sit_m1.ZMO
m_262_17,262,17,MOVE,car_sit_m1,3DDATA\MOTION\AVATAR\car_sit_m1.ZMO
m_262_18,262,18,MOVE,car_sit_m1,3DDATA\MOTION\AVATAR\car_sit_m1.ZMO
m_262_19,262,19,MOVE,car_sit_m1,3DDATA\MOTION\AVATAR\car_sit_m1.ZMO
m_263_0,263,0,ATTACK01,car_sit_m1,3DDATA\MOTION\AVATAR\car_sit_m1.ZMO
m_263_1,263,1,ATTACK01,car_sit_m1,3DDATA\MOTION\AVATAR\car_sit_m1.ZMO
m_263_2,263,2,ATTACK01,car_sit_m1,3DDATA\MOTION\AVATAR\car_sit_m1.ZMO
m_263_3,263,3,ATTACK01,car_sit_m1,3DDATA\MOTION\AVATAR\car_sit_m1.ZMO
m_263_4,263,4,ATTACK01,car_sit_m1,3DDATA\MOTION\AVATAR\car_sit_m1.ZMO
m_263_5,263,5,ATTACK01,car_sit_m1,3DDATA\MOTION\AVATAR\car_sit_m1.ZMO
m_263_6,263,6,ATTACK01,car_sit_m1,3DDATA\MOTION\AVATAR\car_sit_m1.ZMO
m_263_7,263,7,ATTACK01,car_sit_m1,3DDATA\MOTION\AVATAR\car_sit_m1.ZMO
m_263_8,263,8,ATTACK01,car_sit_m1,3DDATA\MOTION\AVATAR\car_sit_m1.ZMO
m_263_9,263,9,ATTACK01,car_sit_m1,3DDATA\MOTION\AVATAR\car_sit_m1.ZMO
m_263_10,263,10,ATTACK01,car_sit_m1,3DDATA\MOTION\AVATAR\car_sit_m1.ZMO
m_263_11,263,11,ATTACK01,car_sit_m1,3DDATA\MOTION\AVATAR\car_sit_m1.ZMO
m_263_12,263,12,ATTACK01,car_sit_m1,3DDATA\MOTION\AVATAR\car_sit_m1.ZMO
m_263_13,263,13,ATTACK01,car_sit_m1,3DDATA\MOTION\AVATAR\car_sit_m1.ZMO
m_263_14,263,14,ATTACK01,car_sit_m1,3DDATA\MOTION\AVATAR\car_sit_m1.ZMO
m_263_15,263,15,ATTACK01,car_sit_m1,3DDATA\MOTION\AVATAR\car_sit_m1.ZMO
m_263_16,263,16,ATTACK01,car_sit_m1,3DDATA\MOTION\AVATAR\car_sit_m1.ZMO
m_263_17,263,17,ATTACK01,car_sit_m1,3DDATA\MOTION\AVATAR\car_sit_m1.ZMO
m_263_18,263,18,ATTACK01,car_sit_m1,3DDATA\MOTION\AVATAR\car_sit_m1.ZMO
m_263_19,263,19,ATTACK01,car_sit_m1,3DDATA\MOTION\AVATAR\car_sit_m1.ZMO
m_264_0,264,0,ATTACK02,car_sit_m1,3DDATA\MOTION\AVATAR\car_sit_m1.ZMO
m_264_1,264,1,ATTACK02,car_sit_m1,3DDATA\MOTION\AVATAR\car_sit_m1.ZMO
m_264_2,264,2,ATTACK02,car_sit_m1,3DDATA\MOTION\AVATAR\car_sit_m1.ZMO
m_264_3,264,3,ATTACK02,car_sit_m1,3DDATA\MOTION\AVATAR\car_sit_m1.ZMO
m_264_4,264,4,ATTACK02,car_sit_m1,3DDATA\MOTION\AVATAR\car_sit_m1.ZMO
m_264_5,264,5,ATTACK02,car_sit_m1,3DDATA\MOTION\AVATAR\car_sit_m1.ZMO
m_264_6,264,6,ATTACK02,car_sit_m1,3DDATA\MOTION\AVATAR\car_sit_m1.ZMO
m_264_7,264,7,ATTACK02,car_sit_m1,3DDATA\MOTION\AVATAR\car_sit_m1.ZMO
m_264_8,264,8,ATTACK02,car_sit_m1,3DDATA\MOTION\AVATAR\car_sit_m1.ZMO
m_264_9,264,9,ATTACK02,car_sit_m1,3DDATA\MOTION\AVATAR\car_sit_m1.ZMO
m_264_10,264,10,ATTACK02,car_sit_m1,3DDATA\MOTION\AVATAR\car_sit_m1.ZMO
m_264_11,264,11,ATTACK02,car_sit_m1,3DDATA\MOTION\AVATAR\car_sit_m1.ZMO
m_264_12,264,12,ATTACK02,car_sit_m1,3DDATA\MOTION\AVATAR\car_sit_m1.ZMO
m_264_13,264,13,ATTACK02,car_sit_m1,3DDATA\MOTION\AVATAR\car_sit_m1.ZMO
m_264_14,264,14,ATTACK02,car_sit_m1,3DDATA\MOTION\AVATAR\car_sit_m1.ZMO
m_264_15,264,15,ATTACK02,car_sit_m1,3DDATA\MOTION\AVATAR\car_sit_m1.ZMO
m_264_16,264,16,ATTACK02,car_sit_m1,3DDATA\MOTION\AVATAR\car_sit_m1.ZMO
m_264_17,264,17,ATTACK02,car_sit_m1,3DDATA\MOTION\AVATAR\car_sit_m1.ZMO
m_264_18,264,18,ATTACK02,car_sit_m1,3DDATA\MOTION\AVATAR\car_sit_m1.ZMO
m_264_19,264,19,ATTACK02,car_sit_m1,3DDATA\MOTION\AVATAR\car_sit_m1.ZMO
m_265_0,265,0,ATTACK03,car_sit_m1,3DDATA\MOTION\AVATAR\car_sit_m1.ZMO
m_265_1,265,1,ATTACK03,car_sit_m1,3DDATA\MOTION\AVATAR\car_sit_m1.ZMO
m_265_2,265,2,ATTACK03,car_sit_m1,3DDATA\MOTION\AVATAR\car_sit_m1.ZMO
m_265_3,265,3,ATTACK03,car_sit_m1,3DDATA\MOTION\AVATAR\car_sit_m1.ZMO
m_265_4,265,4,ATTACK03,car_sit_m1,3DDATA\MOTION\AVATAR\car_sit_m1.ZMO
m_265_5,265,5,ATTACK03,car_sit_m1,3DDATA\MOTION\AVATAR\car_sit_m1.ZMO
m_265_6,265,6,ATTACK03,car_sit_m1,3DDATA\MOTION\AVATAR\car_sit_m1.ZMO
m_265_7,265,7,ATTACK03,car_sit_m1,3DDATA\MOTION\AVATAR\car_sit_m1.ZMO
m_265_8,265,8,ATTACK03,car_sit_m1,3DDATA\MOTION\AVATAR\car_sit_m1.ZMO
m_265_9,265,9,ATTACK03,car_sit_m1,3DDATA\MOTION\AVATAR\car_sit_m1.ZMO
m_265_10,265,10,ATTACK03,car_sit_m1,3DDATA\MOTION\AVATAR\car_sit_m1.ZMO
m_265_11,265,11,ATTACK03,car_sit_m1,3DDATA\MOTION\AVATAR\car_sit_m1.ZMO
m_265_12,265,12,ATTACK03,car_sit_m1,3DDATA\MOTION\AVATAR\car_sit_m1.ZMO
m_265_13,265,13,ATTACK03,car_sit_m1,3DDATA\MOTION\AVATAR\car_sit_m1.ZMO
m_265_14,265,14,ATTACK03,car_sit_m1,3DDATA\MOTION\AVATAR\car_sit_m1.ZMO
m_265_15,265,15,ATTACK03,car_sit_m1,3DDATA\MOTION\AVATAR\car_sit_m1.ZMO
m_265_16,265,16,ATTACK03,car_sit_m1,3DDATA\MOTION\AVATAR\car_sit_m1.ZMO
m_265_17,265,17,ATTACK03,car_sit_m1,3DDATA\MOTION\AVATAR\car_sit_m1.ZMO
m_265_18,265,18,ATTACK03,car_sit_m1,3DDATA\MOTION\AVATAR\car_sit_m1.ZMO
m_265_19,265,19,ATTACK03,car_sit_m1,3DDATA\MOTION\AVATAR\car_sit_m1.ZMO
m_266_0,266,0,DIE,car_sit_m1,3DDATA\MOTION\AVATAR\car_sit_m1.ZMO
m_266_1,266,1,DIE,car_sit_m1,3DDATA\MOTION\AVATAR\car_sit_m1.ZMO
m_266_2,266,2,DIE,car_sit_m1,3DDATA\MOTION\AVATAR\car_sit_m1.ZMO
m_266_3,266,3,DIE,car_sit_m1,3DDATA\MOTION\AVATAR\car_sit_m1.ZMO
m_266_4,266,4,DIE,car_sit_m1,3DDATA\MOTION\AVATAR\car_sit_m1.ZMO
m_266_5,266,5,DIE,car_sit_m1,3DDATA\MOTION\AVATAR\car_sit_m1.ZMO
m_266_6,266,6,DIE,car_sit_m1,3DDATA\MOTION\AVATAR\car_sit_m1.ZMO
m_266_7,266,7,DIE,car_sit_m1,3DDATA\MOTION\AVATAR\car_sit_m1.ZMO
m_266_8,266,8,DIE,car_sit_m1,3DDATA\MOTION\AVATAR\car_sit_m1.ZMO
m_266_9,266,9,DIE,car_sit_m1,3DDATA\MOTION\AVATAR\car_sit_m1.ZMO
m_266_10,266,10,DIE,car_sit_m1,3DDATA\MOTION\AVATAR\car_sit_m1.ZMO
m_266_11,266,11,DIE,car_sit_m1,3DDATA\MOTION\AVATAR\car_sit_m1.ZMO
m_266_12,266,12,DIE,car_sit_m1,3DDATA\MOTION\AVATAR\car_sit_m1.ZMO
m_266_13,266,13,DIE,car_sit_m1,3DDATA\MOTION\AVATAR\car_sit_m1.ZMO
m_266_14,266,14,DIE,car_sit_m1,3DDATA\MOTION\AVATAR\car_sit_m1.ZMO
m_266_15,266,15,DIE,car_sit_m1,3DDATA\MOTION\AVATAR\car_sit_m1.ZMO
m_266_16,266,16,DIE,car_sit_m1,3DDATA\MOTION\AVATAR\car_sit_m1.ZMO
m_266_17,266,17,DIE,car_sit_m1,3DDATA\MOTION\AVATAR\car_sit_m1.ZMO
m_266_18,266,18,DIE,car_sit_m1,3DDATA\MOTION\AVATAR\car_sit_m1.ZMO
m_266_19,266,19,DIE,car_sit_m1,3DDATA\MOTION\AVATAR\car_sit_m1.ZMO
m_267_0,267,0,SPECIAL01,car_sit_m1,3DDATA\MOTION\AVATAR\car_sit_m1.ZMO
m_267_1,267,1,SPECIAL01,car_sit_m1,3DDATA\MOTION\AVATAR\car_sit_m1.ZMO
m_267_2,267,2,SPECIAL01,car_sit_m1,3DDATA\MOTION\AVATAR\car_sit_m1.ZMO
m_267_3,267,3,SPECIAL01,car_sit_m1,3DDATA\MOTION\AVATAR\car_sit_m1.ZMO
m_267_4,267,4,SPECIAL01,car_sit_m1,3DDATA\MOTION\AVATAR\car_sit_m1.ZMO
m_267_5,267,5,SPECIAL01,car_sit_m1,3DDATA\MOTION\AVATAR\car_sit_m1.ZMO
m_267_6,267,6,SPECIAL01,car_sit_m1,3DDATA\MOTION\AVATAR\car_sit_m1.ZMO
m_267_7,267,7,SPECIAL01,car_sit_m1,3DDATA\MOTION\AVATAR\car_sit_m1.ZMO
m_267_8,267,8,SPECIAL01,car_sit_m1,3DDATA\MOTION\AVATAR\car_sit_m1.ZMO
m_267_9,267,9,SPECIAL01,car_sit_m1,3DDATA\MOTION\AVATAR\car_sit_m1.ZMO
m_267_10,267,10,SPECIAL01,car_sit_m1,3DDATA\MOTION\AVATAR\car_sit_m1.ZMO
m_267_11,267,11,SPECIAL01,car_sit_m1,3DDATA\MOTION\AVATAR\car_sit_m1.ZMO
m_267_12,267,12,SPECIAL01,car_sit_m1,3DDATA\MOTION\AVATAR\car_sit_m1.ZMO
m_267_13,267,13,SPECIAL01,car_sit_m1,3DDATA\MOTION\AVATAR\car_sit_m1.ZMO
m_267_14,267,14,SPECIAL01,car_sit_m1,3DDATA\MOTION\AVATAR\car_sit_m1.ZMO
m_267_15,267,15,SPECIAL01,car_sit_m1,3DDATA\MOTION\AVATAR\car_sit_m1.ZMO
m_267_16,267,16,SPECIAL01,car_sit_m1,3DDATA\MOTION\AVATAR\car_sit_m1.ZMO
m_267_17,267,17,SPECIAL01,car_sit_m1,3DDATA\MOTION\AVATAR\car_sit_m1.ZMO
m_267_18,267,18,SPECIAL01,car_sit_m1,3DDATA\MOTION\AVATAR\car_sit_m1.ZMO
m_267_19,267,19,SPECIAL01,car_sit_m1,3DDATA\MOTION\AVATAR\car_sit_m1.ZMO
m_281_0,281,0,STOP1,car_stop_01,3DDATA\MOTION\AVATAR\car_stop_01.ZMO
m_281_1,281,1,STOP1,car_stop_01,3DDATA\MOTION\AVATAR\car_stop_01.ZMO
m_281_2,281,2,STOP1,car_stop_01,3DDATA\MOTION\AVATAR\car_stop_01.ZMO
m_281_3,281,3,STOP1,car_stop_01,3DDATA\MOTION\AVATAR\car_stop_01.ZMO
m_281_4,281,4,STOP1,car_stop_01,3DDATA\MOTION\AVATAR\car_stop_01.ZMO
m_281_5,281,5,STOP1,car_stop_01,3DDATA\MOTION\AVATAR\car_stop_01.ZMO
m_281_6,281,6,STOP1,car_stop_01,3DDATA\MOTION\AVATAR\car_stop_01.ZMO
m_281_7,281,7,STOP1,car_stop_01,3DDATA\MOTION\AVATAR\car_stop_01.ZMO
m_281_8,281,8,STOP1,car_stop_01,3DDATA\MOTION\AVATAR\car_stop_01.ZMO
m_281_9,281,9,STOP1,car_stop_01,3DDATA\MOTION\AVATAR\car_stop_01.ZMO
m_281_10,281,10,STOP1,car_stop_01,3DDATA\MOTION\AVATAR\car_stop_01.ZMO
m_281_11,281,11,STOP1,car_stop_01,3DDATA\MOTION\AVATAR\car_stop_01.ZMO
m_281_12,281,12,STOP1,car_stop_01,3DDATA\MOTION\AVATAR\car_stop_01.ZMO
m_281_13,281,13,STOP1,car_stop_01,3DDATA\MOTION\AVATAR\car_stop_01.ZMO
m_281_14,281,14,STOP1,car_stop_01,3DDATA\MOTION\AVATAR\car_stop_01.ZMO
m_281_15,281,15,STOP1,car_stop_01,3DDATA\MOTION\AVATAR\car_stop_01.ZMO
m_281_16,281,16,STOP1,car_stop_01,3DDATA\MOTION\AVATAR\car_stop_01.ZMO
m_281_17,281,17,STOP1,car_stop_01,3DDATA\MOTION\AVATAR\car_stop_01.ZMO
m_281_18,281,18,STOP1,car_stop_01,3DDATA\MOTION\AVATAR\car_stop_01.ZMO
m_281_19,281,19,STOP1,car_stop_01,3DDATA\MOTION\AVATAR\car_stop_01.ZMO
m_282_0,282,0,MOVE,car_move_01,3DDATA\MOTION\AVATAR\car_move_01.ZMO
m_282_1,282,1,MOVE,car_move_01,3DDATA\MOTION\AVATAR\car_move_01.ZMO
m_282_2,282,2,MOVE,car_move_01,3DDATA\MOTION\AVATAR\car_move_01.ZMO
m_282_3,282,3,MOVE,car_move_01,3DDATA\MOTION\AVATAR\car_move_01.ZMO
m_282_4,282,4,MOVE,car_move_01,3DDATA\MOTION\AVATAR\car_move_01.ZMO
m_282_5,282,5,MOVE,car_move_01,3DDATA\MOTION\AVATAR\car_move_01.ZMO
m_282_6,282,6,MOVE,car_move_01,3DDATA\MOTION\AVATAR\car_move_01.ZMO
m_282_7,282,7,MOVE,car_move_01,3DDATA\MOTION\AVATAR\car_move_01.ZMO
m_282_8,282,8,MOVE,car_move_01,3DDATA\MOTION\AVATAR\car_move_01.ZMO
m_282_9,282,9,MOVE,car_move_01,3DDATA\MOTION\AVATAR\car_move_01.ZMO
m_282_10,282,10,MOVE,car_move_01,3DDATA\MOTION\AVATAR\car_move_01.ZMO
m_282_11,282,11,MOVE,car_move_01,3DDATA\MOTION\AVATAR\car_move_01.ZMO
m_282_12,282,12,MOVE,car_move_01,3DDATA\MOTION\AVATAR\car_move_01.ZMO
m_282_13,282,13,MOVE,car_move_01,3DDATA\MOTION\AVATAR\car_move_01.ZMO
m_282_14,282,14,MOVE,car_move_01,3DDATA\MOTION\AVATAR\car_move_01.ZMO
m_282_15,282,15,MOVE,car_move_01,3DDATA\MOTION\AVATAR\car_move_01.ZMO
m_282_16,282,16,MOVE,car_move_01,3DDATA\MOTION\AVATAR\car_move_01.ZMO
m_282_17,282,17,MOVE,car_move_01,3DDATA\MOTION\AVATAR\car_move_01.ZMO
m_282_18,282,18,MOVE,car_move_01,3DDATA\MOTION\AVATAR\car_move_01.ZMO
m_282_19,282,19,MOVE,car_move_01,3DDATA\MOTION\AVATAR\car_move_01.ZMO
m_283_0,283,0,ATTACK01,car_attack_stonhemmer01,3DDATA\MOTION\AVATAR\car_attack_stonhemmer01.ZMO
m_283_1,283,1,ATTACK01,car_attack_stonhemmer01,3DDATA\MOTION\AVATAR\car_attack_stonhemmer01.ZMO
m_283_2,283,2,ATTACK01,car_attack_bow01,3DDATA\MOTION\AVATAR\car_attack_bow01.ZMO
m_283_3,283,3,ATTACK01,car_attack_bow01,3DDATA\MOTION\AVATAR\car_attack_bow01.ZMO
m_283_4,283,4,ATTACK01,car_attack_catar01,3DDATA\MOTION\AVATAR\car_attack_catar01.ZMO
m_283_5,283,5,ATTACK01,car_attack_nucle01,3DDATA\MOTION\AVATAR\car_attack_nucle01.ZMO
m_283_6,283,6,ATTACK01,car_attack_mirror01,3DDATA\MOTION\AVATAR\car_attack_mirror01.ZMO
m_283_7,283,7,ATTACK01,car_attack_mirror01,3DDATA\MOTION\AVATAR\car_attack_mirror01.ZMO
m_283_8,283,8,ATTACK01,car_attack_luncher01,3DDATA\MOTION\AVATAR\car_attack_luncher01.ZMO
m_283_9,283,9,ATTACK01,car_attack_luncher01,3DDATA\MOTION\AVATAR\car_attack_luncher01.ZMO
m_283_10,283,10,ATTACK01,car_attack_01,3DDATA\MOTION\AVATAR\car_attack_01.ZMO
m_283_11,283,11,ATTACK01,car_attack_01,3DDATA\MOTION\AVATAR\car_attack_01.ZMO
m_283_12,283,12,ATTACK01,car_attack_01,3DDATA\MOTION\AVATAR\car_attack_01.ZMO
m_283_13,283,13,ATTACK01,car_attack_01,3DDATA\MOTION\AVATAR\car_attack_01.ZMO
m_283_14,283,14,ATTACK01,car_attack_01,3DDATA\MOTION\AVATAR\car_attack_01.ZMO
m_283_15,283,15,ATTACK01,car_attack_01,3DDATA\MOTION\AVATAR\car_attack_01.ZMO
m_283_16,283,16,ATTACK01,car_attack_01,3DDATA\MOTION\AVATAR\car_attack_01.ZMO
m_283_17,283,17,ATTACK01,car_attack_01,3DDATA\MOTION\AVATAR\car_attack_01.ZMO
m_283_18,283,18,ATTACK01,car_attack_01,3DDATA\MOTION\AVATAR\car_attack_01.ZMO
m_283_19,283,19,ATTACK01,car_attack_01,3DDATA\MOTION\AVATAR\car_attack_01.ZMO
m_284_0,284,0,ATTACK02,car_stop_01,3DDATA\MOTION\AVATAR\car_stop_01.ZMO
m_284_1,284,1,ATTACK02,car_stop_01,3DDATA\MOTION\AVATAR\car_stop_01.ZMO
m_284_2,284,2,ATTACK02,car_stop_01,3DDATA\MOTION\AVATAR\car_stop_01.ZMO
m_284_3,284,3,ATTACK02,car_stop_01,3DDATA\MOTION\AVATAR\car_stop_01.ZMO
m_284_4,284,4,ATTACK02,car_stop_01,3DDATA\MOTION\AVATAR\car_stop_01.ZMO
m_284_5,284,5,ATTACK02,car_stop_01,3DDATA\MOTION\AVATAR\car_stop_01.ZMO
m_284_6,284,6,ATTACK02,car_stop_01,3DDATA\MOTION\AVATAR\car_stop_01.ZMO
m_284_7,284,7,ATTACK02,car_stop_01,3DDATA\MOTION\AVATAR\car_stop_01.ZMO
m_284_8,284,8,ATTACK02,car_stop_01,3DDATA\MOTION\AVATAR\car_stop_01.ZMO
m_284_9,284,9,ATTACK02,car_stop_01,3DDATA\MOTION\AVATAR\car_stop_01.ZMO
m_284_10,284,10,ATTACK02,car_stop_01,3DDATA\MOTION\AVATAR\car_stop_01.ZMO
m_284_11,284,11,ATTACK02,car_stop_01,3DDATA\MOTION\AVATAR\car_stop_01.ZMO
m_284_12,284,12,ATTACK02,car_stop_01,3DDATA\MOTION\AVATAR\car_stop_01.ZMO
m_284_13,284,13,ATTACK02,car_stop_01,3DDATA\MOTION\AVATAR\car_stop_01.ZMO
m_284_14,284,14,ATTACK02,car_stop_01,3DDATA\MOTION\AVATAR\car_stop_01.ZMO
m_284_15,284,15,ATTACK02,car_stop_01,3DDATA\MOTION\AVATAR\car_stop_01.ZMO
m_284_16,284,16,ATTACK02,car_stop_01,3DDATA\MOTION\AVATAR\car_stop_01.ZMO
m_284_17,284,17,ATTACK02,car_stop_01,3DDATA\MOTION\AVATAR\car_stop_01.ZMO
m_284_18,284,18,ATTACK02,car_stop_01,3DDATA\MOTION\AVATAR\car_stop_01.ZMO
m_284_19,284,19,ATTACK02,car_stop_01,3DDATA\MOTION\AVATAR\car_stop_01.ZMO
m_285_0,285,0,ATTACK03,car_stop_01,3DDATA\MOTION\AVATAR\car_stop_01.ZMO
m_285_1,285,1,ATTACK03,car_stop_01,3DDATA\MOTION\AVATAR\car_stop_01.ZMO
m_285_2,285,2,ATTACK03,car_stop_01,3DDATA\MOTION\AVATAR\car_stop_01.ZMO
m_285_3,285,3,ATTACK03,car_stop_01,3DDATA\MOTION\AVATAR\car_stop_01.ZMO
m_285_4,285,4,ATTACK03,car_stop_01,3DDATA\MOTION\AVATAR\car_stop_01.ZMO
m_285_5,285,5,ATTACK03,car_stop_01,3DDATA\MOTION\AVATAR\car_stop_01.ZMO
m_285_6,285,6,ATTACK03,car_stop_01,3DDATA\MOTION\AVATAR\car_stop_01.ZMO
m_285_7,285,7,ATTACK03,car_stop_01,3DDATA\MOTION\AVATAR\car_stop_01.ZMO
m_285_8,285,8,ATTACK03,car_stop_01,3DDATA\MOTION\AVATAR\car_stop_01.ZMO
m_285_9,285,9,ATTACK03,car_stop_01,3DDATA\MOTION\AVATAR\car_stop_01.ZMO
m_285_10,285,10,ATTACK03,car_stop_01,3DDATA\MOTION\AVATAR\car_stop_01.ZMO
m_285_11,285,11,ATTACK03,car_stop_01,3DDATA\MOTION\AVATAR\car_stop_01.ZMO
m_285_12,285,12,ATTACK03,car_stop_01,3DDATA\MOTION\AVATAR\car_stop_01.ZMO
m_285_13,285,13,ATTACK03,car_stop_01,3DDATA\MOTION\AVATAR\car_stop_01.ZMO
m_285_14,285,14,ATTACK03,car_stop_01,3DDATA\MOTION\AVATAR\car_stop_01.ZMO
m_285_15,285,15,ATTACK03,car_stop_01,3DDATA\MOTION\AVATAR\car_stop_01.ZMO
m_285_16,285,16,ATTACK03,car_stop_01,3DDATA\MOTION\AVATAR\car_stop_01.ZMO
m_285_17,285,17,ATTACK03,car_stop_01,3DDATA\MOTION\AVATAR\car_stop_01.ZMO
m_285_18,285,18,ATTACK03,car_stop_01,3DDATA\MOTION\AVATAR\car_stop_01.ZMO
m_285_19,285,19,ATTACK03,car_stop_01,3DDATA\MOTION\AVATAR\car_stop_01.ZMO
m_361_0,361,0,STOP1,Eagle_Avatar,3Ddata\PAT\CASTLEGEAR\EAGLE\Eagle_Avatar.ZMO
m_361_1,361,1,STOP1,Eagle_Avatar,3Ddata\PAT\CASTLEGEAR\EAGLE\Eagle_Avatar.ZMO
m_361_2,361,2,STOP1,Eagle_Avatar,3Ddata\PAT\CASTLEGEAR\EAGLE\Eagle_Avatar.ZMO
m_361_3,361,3,STOP1,Eagle_Avatar,3Ddata\PAT\CASTLEGEAR\EAGLE\Eagle_Avatar.ZMO
m_361_4,361,4,STOP1,Eagle_Avatar,3Ddata\PAT\CASTLEGEAR\EAGLE\Eagle_Avatar.ZMO
m_361_5,361,5,STOP1,Eagle_Avatar,3Ddata\PAT\CASTLEGEAR\EAGLE\Eagle_Avatar.ZMO
m_361_6,361,6,STOP1,Eagle_Avatar,3Ddata\PAT\CASTLEGEAR\EAGLE\Eagle_Avatar.ZMO
m_361_7,361,7,STOP1,Eagle_Avatar,3Ddata\PAT\CASTLEGEAR\EAGLE\Eagle_Avatar.ZMO
m_361_8,361,8,STOP1,Eagle_Avatar,3Ddata\PAT\CASTLEGEAR\EAGLE\Eagle_Avatar.ZMO
m_361_9,361,9,STOP1,Eagle_Avatar,3Ddata\PAT\CASTLEGEAR\EAGLE\Eagle_Avatar.ZMO
m_361_10,361,10,STOP1,Eagle_Avatar,3Ddata\PAT\CASTLEGEAR\EAGLE\Eagle_Avatar.ZMO
m_361_11,361,11,STOP1,Eagle_Avatar,3Ddata\PAT\CASTLEGEAR\EAGLE\Eagle_Avatar.ZMO
m_361_12,361,12,STOP1,Eagle_Avatar,3Ddata\PAT\CASTLEGEAR\EAGLE\Eagle_Avatar.ZMO
m_361_13,361,13,STOP1,Eagle_Avatar,3Ddata\PAT\CASTLEGEAR\EAGLE\Eagle_Avatar.ZMO
m_361_14,361,14,STOP1,Eagle_Avatar,3Ddata\PAT\CASTLEGEAR\EAGLE\Eagle_Avatar.ZMO
m_361_15,361,15,STOP1,Eagle_Avatar,3Ddata\PAT\CASTLEGEAR\EAGLE\Eagle_Avatar.ZMO
m_361_16,361,16,STOP1,Eagle_Avatar,3Ddata\PAT\CASTLEGEAR\EAGLE\Eagle_Avatar.ZMO
m_361_17,361,17,STOP1,Eagle_Avatar,3Ddata\PAT\CASTLEGEAR\EAGLE\Eagle_Avatar.ZMO
m_361_18,361,18,STOP1,Eagle_Avatar,3Ddata\PAT\CASTLEGEAR\EAGLE\Eagle_Avatar.ZMO
m_361_19,361,19,STOP1,Eagle_Avatar,3Ddata\PAT\CASTLEGEAR\EAGLE\Eagle_Avatar.ZMO
m_362_0,362,0,MOVE,Eagle_Avatar,3Ddata\PAT\CASTLEGEAR\EAGLE\Eagle_Avatar.ZMO
m_362_1,362,1,MOVE,Eagle_Avatar,3Ddata\PAT\CASTLEGEAR\EAGLE\Eagle_Avatar.ZMO
m_362_2,362,2,MOVE,Eagle_Avatar,3Ddata\PAT\CASTLEGEAR\EAGLE\Eagle_Avatar.ZMO
m_362_3,362,3,MOVE,Eagle_Avatar,3Ddata\PAT\CASTLEGEAR\EAGLE\Eagle_Avatar.ZMO
m_362_4,362,4,MOVE,Eagle_Avatar,3Ddata\PAT\CASTLEGEAR\EAGLE\Eagle_Avatar.ZMO
m_362_5,362,5,MOVE,Eagle_Avatar,3Ddata\PAT\CASTLEGEAR\EAGLE\Eagle_Avatar.ZMO
m_362_6,362,6,MOVE,Eagle_Avatar,3Ddata\PAT\CASTLEGEAR\EAGLE\Eagle_Avatar.ZMO
m_362_7,362,7,MOVE,Eagle_Avatar,3Ddata\PAT\CASTLEGEAR\EAGLE\Eagle_Avatar.ZMO
m_362_8,362,8,MOVE,Eagle_Avatar,3Ddata\PAT\CASTLEGEAR\EAGLE\Eagle_Avatar.ZMO
m_362_9,362,9,MOVE,Eagle_Avatar,3Ddata\PAT\CASTLEGEAR\EAGLE\Eagle_Avatar.ZMO
m_362_10,362,10,MOVE,Eagle_Avatar,3Ddata\PAT\CASTLEGEAR\EAGLE\Eagle_Avatar.ZMO
m_362_11,362,11,MOVE,Eagle_Avatar,3Ddata\PAT\CASTLEGEAR\EAGLE\Eagle_Avatar.ZMO
m_362_12,362,12,MOVE,Eagle_Avatar,3Ddata\PAT\CASTLEGEAR\EAGLE\Eagle_Avatar.ZMO
m_362_13,362,13,MOVE,Eagle_Avatar,3Ddata\PAT\CASTLEGEAR\EAGLE\Eagle_Avatar.ZMO
m_362_14,362,14,MOVE,Eagle_Avatar,3Ddata\PAT\CASTLEGEAR\EAGLE\Eagle_Avatar.ZMO
m_362_15,362,15,MOVE,Eagle_Avatar,3Ddata\PAT\CASTLEGEAR\EAGLE\Eagle_Avatar.ZMO
m_362_16,362,16,MOVE,Eagle_Avatar,3Ddata\PAT\CASTLEGEAR\EAGLE\Eagle_Avatar.ZMO
m_362_17,362,17,MOVE,Eagle_Avatar,3Ddata\PAT\CASTLEGEAR\EAGLE\Eagle_Avatar.ZMO
m_362_18,362,18,MOVE,Eagle_Avatar,3Ddata\PAT\CASTLEGEAR\EAGLE\Eagle_Avatar.ZMO
m_362_19,362,19,MOVE,Eagle_Avatar,3Ddata\PAT\CASTLEGEAR\EAGLE\Eagle_Avatar.ZMO
m_363_0,363,0,ATTACK01,Eagle_Avatar,3Ddata\PAT\CASTLEGEAR\EAGLE\Eagle_Avatar.ZMO
m_363_1,363,1,ATTACK01,Eagle_Avatar,3Ddata\PAT\CASTLEGEAR\EAGLE\Eagle_Avatar.ZMO
m_363_2,363,2,ATTACK01,Eagle_Avatar,3Ddata\PAT\CASTLEGEAR\EAGLE\Eagle_Avatar.ZMO
m_363_3,363,3,ATTACK01,Eagle_Avatar,3Ddata\PAT\CASTLEGEAR\EAGLE\Eagle_Avatar.ZMO
m_363_4,363,4,ATTACK01,Eagle_Avatar,3Ddata\PAT\CASTLEGEAR\EAGLE\Eagle_Avatar.ZMO
m_363_5,363,5,ATTACK01,Eagle_Avatar,3Ddata\PAT\CASTLEGEAR\EAGLE\Eagle_Avatar.ZMO
m_363_6,363,6,ATTACK01,Eagle_Avatar,3Ddata\PAT\CASTLEGEAR\EAGLE\Eagle_Avatar.ZMO
m_363_7,363,7,ATTACK01,Eagle_Avatar,3Ddata\PAT\CASTLEGEAR\EAGLE\Eagle_Avatar.ZMO
m_363_8,363,8,ATTACK01,Eagle_Avatar,3Ddata\PAT\CASTLEGEAR\EAGLE\Eagle_Avatar.ZMO
m_363_9,363,9,ATTACK01,Eagle_Avatar,3Ddata\PAT\CASTLEGEAR\EAGLE\Eagle_Avatar.ZMO
m_363_10,363,10,ATTACK01,Eagle_Avatar,3Ddata\PAT\CASTLEGEAR\EAGLE\Eagle_Avatar.ZMO
m_363_11,363,11,ATTACK01,Eagle_Avatar,3Ddata\PAT\CASTLEGEAR\EAGLE\Eagle_Avatar.ZMO
m_363_12,363,12,ATTACK01,Eagle_Avatar,3Ddata\PAT\CASTLEGEAR\EAGLE\Eagle_Avatar.ZMO
m_363_13,363,13,ATTACK01,Eagle_Avatar,3Ddata\PAT\CASTLEGEAR\EAGLE\Eagle_Avatar.ZMO
m_363_14,363,14,ATTACK01,Eagle_Avatar,3Ddata\PAT\CASTLEGEAR\EAGLE\Eagle_Avatar.ZMO
m_363_15,363,15,ATTACK01,Eagle_Avatar,3Ddata\PAT\CASTLEGEAR\EAGLE\Eagle_Avatar.ZMO
m_363_16,363,16,ATTACK01,Eagle_Avatar,3Ddata\PAT\CASTLEGEAR\EAGLE\Eagle_Avatar.ZMO
m_363_17,363,17,ATTACK01,Eagle_Avatar,3Ddata\PAT\CASTLEGEAR\EAGLE\Eagle_Avatar.ZMO
m_363_18,363,18,ATTACK01,Eagle_Avatar,3Ddata\PAT\CASTLEGEAR\EAGLE\Eagle_Avatar.ZMO
m_363_19,363,19,ATTACK01,Eagle_Avatar,3Ddata\PAT\CASTLEGEAR\EAGLE\Eagle_Avatar.ZMO
m_364_0,364,0,ATTACK02,Eagle_Avatar,3Ddata\PAT\CASTLEGEAR\EAGLE\Eagle_Avatar.ZMO
m_364_1,364,1,ATTACK02,Eagle_Avatar,3Ddata\PAT\CASTLEGEAR\EAGLE\Eagle_Avatar.ZMO
m_364_2,364,2,ATTACK02,Eagle_Avatar,3Ddata\PAT\CASTLEGEAR\EAGLE\Eagle_Avatar.ZMO
m_364_3,364,3,ATTACK02,Eagle_Avatar,3Ddata\PAT\CASTLEGEAR\EAGLE\Eagle_Avatar.ZMO
m_364_4,364,4,ATTACK02,Eagle_Avatar,3Ddata\PAT\CASTLEGEAR\EAGLE\Eagle_Avatar.ZMO
m_364_5,364,5,ATTACK02,Eagle_Avatar,3Ddata\PAT\CASTLEGEAR\EAGLE\Eagle_Avatar.ZMO
m_364_6,364,6,ATTACK02,Eagle_Avatar,3Ddata\PAT\CASTLEGEAR\EAGLE\Eagle_Avatar.ZMO
m_364_7,364,7,ATTACK02,Eagle_Avatar,3Ddata\PAT\CASTLEGEAR\EAGLE\Eagle_Avatar.ZMO
m_364_8,364,8,ATTACK02,Eagle_Avatar,3Ddata\PAT\CASTLEGEAR\EAGLE\Eagle_Avatar.ZMO
m_364_9,364,9,ATTACK02,Eagle_Avatar,3Ddata\PAT\CASTLEGEAR\EAGLE\Eagle_Avatar.ZMO
m_364_10,364,10,ATTACK02,Eagle_Avatar,3Ddata\PAT\CASTLEGEAR\EAGLE\Eagle_Avatar.ZMO
m_364_11,364,11,ATTACK02,Eagle_Avatar,3Ddata\PAT\CASTLEGEAR\EAGLE\Eagle_Avatar.ZMO
m_364_12,364,12,ATTACK02,Eagle_Avatar,3Ddata\PAT\CASTLEGEAR\EAGLE\Eagle_Avatar.ZMO
m_364_13,364,13,ATTACK02,Eagle_Avatar,3Ddata\PAT\CASTLEGEAR\EAGLE\Eagle_Avatar.ZMO
m_364_14,364,14,ATTACK02,Eagle_Avatar,3Ddata\PAT\CASTLEGEAR\EAGLE\Eagle_Avatar.ZMO
m_364_15,364,15,ATTACK02,Eagle_Avatar,3Ddata\PAT\CASTLEGEAR\EAGLE\Eagle_Avatar.ZMO
m_364_16,364,16,ATTACK02,Eagle_Avatar,3Ddata\PAT\CASTLEGEAR\EAGLE\Eagle_Avatar.ZMO
m_364_17,364,17,ATTACK02,Eagle_Avatar,3Ddata\PAT\CASTLEGEAR\EAGLE\Eagle_Avatar.ZMO
m_364_18,364,18,ATTACK02,Eagle_Avatar,3Ddata\PAT\CASTLEGEAR\EAGLE\Eagle_Avatar.ZMO
m_364_19,364,19,ATTACK02,Eagle_Avatar,3Ddata\PAT\CASTLEGEAR\EAGLE\Eagle_Avatar.ZMO
m_365_0,365,0,ATTACK03,Eagle_Avatar,3Ddata\PAT\CASTLEGEAR\EAGLE\Eagle_Avatar.ZMO
m_365_1,365,1,ATTACK03,Eagle_Avatar,3Ddata\PAT\CASTLEGEAR\EAGLE\Eagle_Avatar.ZMO
m_365_2,365,2,ATTACK03,Eagle_Avatar,3Ddata\PAT\CASTLEGEAR\EAGLE\Eagle_Avatar.ZMO
m_365_3,365,3,ATTACK03,Eagle_Avatar,3Ddata\PAT\CASTLEGEAR\EAGLE\Eagle_Avatar.ZMO
m_365_4,365,4,ATTACK03,Eagle_Avatar,3Ddata\PAT\CASTLEGEAR\EAGLE\Eagle_Avatar.ZMO
m_365_5,365,5,ATTACK03,Eagle_Avatar,3Ddata\PAT\CASTLEGEAR\EAGLE\Eagle_Avatar.ZMO
m_365_6,365,6,ATTACK03,Eagle_Avatar,3Ddata\PAT\CASTLEGEAR\EAGLE\Eagle_Avatar.ZMO
m_365_7,365,7,ATTACK03,Eagle_Avatar,3Ddata\PAT\CASTLEGEAR\EAGLE\Eagle_Avatar.ZMO
m_365_8,365,8,ATTACK03,Eagle_Avatar,3Ddata\PAT\CASTLEGEAR\EAGLE\Eagle_Avatar.ZMO
m_365_9,365,9,ATTACK03,Eagle_Avatar,3Ddata\PAT\CASTLEGEAR\EAGLE\Eagle_Avatar.ZMO
m_365_10,365,10,ATTACK03,Eagle_Avatar,3Ddata\PAT\CASTLEGEAR\EAGLE\Eagle_Avatar.ZMO
m_365_11,365,11,ATTACK03,Eagle_Avatar,3Ddata\PAT\CASTLEGEAR\EAGLE\Eagle_Avatar.ZMO
m_365_12,365,12,ATTACK03,Eagle_Avatar,3Ddata\PAT\CASTLEGEAR\EAGLE\Eagle_Avatar.ZMO
m_365_13,365,13,ATTACK03,Eagle_Avatar,3Ddata\PAT\CASTLEGEAR\EAGLE\Eagle_Avatar.ZMO
m_365_14,365,14,ATTACK03,Eagle_Avatar,3Ddata\PAT\CASTLEGEAR\EAGLE\Eagle_Avatar.ZMO
m_365_15,365,15,ATTACK03,Eagle_Avatar,3Ddata\PAT\CASTLEGEAR\EAGLE\Eagle_Avatar.ZMO
m_365_16,365,16,ATTACK03,Eagle_Avatar,3Ddata\PAT\CASTLEGEAR\EAGLE\Eagle_Avatar.ZMO
m_365_17,365,17,ATTACK03,Eagle_Avatar,3Ddata\PAT\CASTLEGEAR\EAGLE\Eagle_Avatar.ZMO
m_365_18,365,18,ATTACK03,Eagle_Avatar,3Ddata\PAT\CASTLEGEAR\EAGLE\Eagle_Avatar.ZMO
m_365_19,365,19,ATTACK03,Eagle_Avatar,3Ddata\PAT\CASTLEGEAR\EAGLE\Eagle_Avatar.ZMO
m_366_0,366,0,DIE,Eagle_Avatar,3Ddata\PAT\CASTLEGEAR\EAGLE\Eagle_Avatar.ZMO
m_366_1,366,1,DIE,Eagle_Avatar,3Ddata\PAT\CASTLEGEAR\EAGLE\Eagle_Avatar.ZMO
m_366_2,366,2,DIE,Eagle_Avatar,3Ddata\PAT\CASTLEGEAR\EAGLE\Eagle_Avatar.ZMO
m_366_3,366,3,DIE,Eagle_Avatar,3Ddata\PAT\CASTLEGEAR\EAGLE\Eagle_Avatar.ZMO
m_366_4,366,4,DIE,Eagle_Avatar,3Ddata\PAT\CASTLEGEAR\EAGLE\Eagle_Avatar.ZMO
m_366_5,366,5,DIE,Eagle_Avatar,3Ddata\PAT\CASTLEGEAR\EAGLE\Eagle_Avatar.ZMO
m_366_6,366,6,DIE,Eagle_Avatar,3Ddata\PAT\CASTLEGEAR\EAGLE\Eagle_Avatar.ZMO
m_366_7,366,7,DIE,Eagle_Avatar,3Ddata\PAT\CASTLEGEAR\EAGLE\Eagle_Avatar.ZMO
m_366_8,366,8,DIE,Eagle_Avatar,3Ddata\PAT\CASTLEGEAR\EAGLE\Eagle_Avatar.ZMO
m_366_9,366,9,DIE,Eagle_Avatar,3Ddata\PAT\CASTLEGEAR\EAGLE\Eagle_Avatar.ZMO
m_366_10,366,10,DIE,Eagle_Avatar,3Ddata\PAT\CASTLEGEAR\EAGLE\Eagle_Avatar.ZMO
m_366_11,366,11,DIE,Eagle_Avatar,3Ddata\PAT\CASTLEGEAR\EAGLE\Eagle_Avatar.ZMO
m_366_12,366,12,DIE,Eagle_Avatar,3Ddata\PAT\CASTLEGEAR\EAGLE\Eagle_Avatar.ZMO
m_366_13,366,13,DIE,Eagle_Avatar,3Ddata\PAT\CASTLEGEAR\EAGLE\Eagle_Avatar.ZMO
m_366_14,366,14,DIE,Eagle_Avatar,3Ddata\PAT\CASTLEGEAR\EAGLE\Eagle_Avatar.ZMO
m_366_15,366,15,DIE,Eagle_Avatar,3Ddata\PAT\CASTLEGEAR\EAGLE\Eagle_Avatar.ZMO
m_366_16,366,16,DIE,Eagle_Avatar,3Ddata\PAT\CASTLEGEAR\EAGLE\Eagle_Avatar.ZMO
m_366_17,366,17,DIE,Eagle_Avatar,3Ddata\PAT\CASTLEGEAR\EAGLE\Eagle_Avatar.ZMO
m_366_18,366,18,DIE,Eagle_Avatar,3Ddata\PAT\CASTLEGEAR\EAGLE\Eagle_Avatar.ZMO
m_366_19,366,19,DIE,Eagle_Avatar,3Ddata\PAT\CASTLEGEAR\EAGLE\Eagle_Avatar.ZMO
m_367_0,367,0,SPECIAL01,Eagle_Avatar,3Ddata\PAT\CASTLEGEAR\EAGLE\Eagle_Avatar.ZMO
m_367_1,367,1,SPECIAL01,Eagle_Avatar,3Ddata\PAT\CASTLEGEAR\EAGLE\Eagle_Avatar.ZMO
m_367_2,367,2,SPECIAL01,Eagle_Avatar,3Ddata\PAT\CASTLEGEAR\EAGLE\Eagle_Avatar.ZMO
m_367_3,367,3,SPECIAL01,Eagle_Avatar,3Ddata\PAT\CASTLEGEAR\EAGLE\Eagle_Avatar.ZMO
m_367_4,367,4,SPECIAL01,Eagle_Avatar,3Ddata\PAT\CASTLEGEAR\EAGLE\Eagle_Avatar.ZMO
m_367_5,367,5,SPECIAL01,Eagle_Avatar,3Ddata\PAT\CASTLEGEAR\EAGLE\Eagle_Avatar.ZMO
m_367_6,367,6,SPECIAL01,Eagle_Avatar,3Ddata\PAT\CASTLEGEAR\EAGLE\Eagle_Avatar.ZMO
m_367_7,367,7,SPECIAL01,Eagle_Avatar,3Ddata\PAT\CASTLEGEAR\EAGLE\Eagle_Avatar.ZMO
m_367_8,367,8,SPECIAL01,Eagle_Avatar,3Ddata\PAT\CASTLEGEAR\EAGLE\Eagle_Avatar.ZMO
m_367_9,367,9,SPECIAL01,Eagle_Avatar,3Ddata\PAT\CASTLEGEAR\EAGLE\Eagle_Avatar.ZMO
m_367_10,367,10,SPECIAL01,Eagle_Avatar,3Ddata\PAT\CASTLEGEAR\EAGLE\Eagle_Avatar.ZMO
m_367_11,367,11,SPECIAL01,Eagle_Avatar,3Ddata\PAT\CASTLEGEAR\EAGLE\Eagle_Avatar.ZMO
m_367_12,367,12,SPECIAL01,Eagle_Avatar,3Ddata\PAT\CASTLEGEAR\EAGLE\Eagle_Avatar.ZMO
m_367_13,367,13,SPECIAL01,Eagle_Avatar,3Ddata\PAT\CASTLEGEAR\EAGLE\Eagle_Avatar.ZMO
m_367_14,367,14,SPECIAL01,Eagle_Avatar,3Ddata\PAT\CASTLEGEAR\EAGLE\Eagle_Avatar.ZMO
m_367_15,367,15,SPECIAL01,Eagle_Avatar,3Ddata\PAT\CASTLEGEAR\EAGLE\Eagle_Avatar.ZMO
m_367_16,367,16,SPECIAL01,Eagle_Avatar,3Ddata\PAT\CASTLEGEAR\EAGLE\Eagle_Avatar.ZMO
m_367_17,367,17,SPECIAL01,Eagle_Avatar,3Ddata\PAT\CASTLEGEAR\EAGLE\Eagle_Avatar.ZMO
m_367_18,367,18,SPECIAL01,Eagle_Avatar,3Ddata\PAT\CASTLEGEAR\EAGLE\Eagle_Avatar.ZMO
m_367_19,367,19,SPECIAL01,Eagle_Avatar,3Ddata\PAT\CASTLEGEAR\EAGLE\Eagle_Avatar.ZMO
m_461_0,461,0,STOP1,Eagle_Stop,3Ddata\PAT\CASTLEGEAR\EAGLE\Eagle_Stop.ZMO
m_461_1,461,1,STOP1,Eagle_Stop,3Ddata\PAT\CASTLEGEAR\EAGLE\Eagle_Stop.ZMO
m_461_2,461,2,STOP1,Eagle_Stop,3Ddata\PAT\CASTLEGEAR\EAGLE\Eagle_Stop.ZMO
m_461_3,461,3,STOP1,Eagle_Stop,3Ddata\PAT\CASTLEGEAR\EAGLE\Eagle_Stop.ZMO
m_461_4,461,4,STOP1,Eagle_Stop,3Ddata\PAT\CASTLEGEAR\EAGLE\Eagle_Stop.ZMO
m_461_5,461,5,STOP1,Eagle_Stop,3Ddata\PAT\CASTLEGEAR\EAGLE\Eagle_Stop.ZMO
m_461_6,461,6,STOP1,Eagle_Stop,3Ddata\PAT\CASTLEGEAR\EAGLE\Eagle_Stop.ZMO
m_461_7,461,7,STOP1,Eagle_Stop,3Ddata\PAT\CASTLEGEAR\EAGLE\Eagle_Stop.ZMO
m_461_8,461,8,STOP1,Eagle_Stop,3Ddata\PAT\CASTLEGEAR\EAGLE\Eagle_Stop.ZMO
m_461_9,461,9,STOP1,Eagle_Stop,3Ddata\PAT\CASTLEGEAR\EAGLE\Eagle_Stop.ZMO
m_461_10,461,10,STOP1,Eagle_Stop,3Ddata\PAT\CASTLEGEAR\EAGLE\Eagle_Stop.ZMO
m_461_11,461,11,STOP1,Eagle_Stop,3Ddata\PAT\CASTLEGEAR\EAGLE\Eagle_Stop.ZMO
m_461_12,461,12,STOP1,Eagle_Stop,3Ddata\PAT\CASTLEGEAR\EAGLE\Eagle_Stop.ZMO
m_461_13,461,13,STOP1,Eagle_Stop,3Ddata\PAT\CASTLEGEAR\EAGLE\Eagle_Stop.ZMO
m_461_14,461,14,STOP1,Eagle_Stop,3Ddata\PAT\CASTLEGEAR\EAGLE\Eagle_Stop.ZMO
m_461_15,461,15,STOP1,Eagle_Stop,3Ddata\PAT\CASTLEGEAR\EAGLE\Eagle_Stop.ZMO
m_461_16,461,16,STOP1,Eagle_Stop,3Ddata\PAT\CASTLEGEAR\EAGLE\Eagle_Stop.ZMO
m_461_17,461,17,STOP1,Eagle_Stop,3Ddata\PAT\CASTLEGEAR\EAGLE\Eagle_Stop.ZMO
m_461_18,461,18,STOP1,Eagle_Stop,3Ddata\PAT\CASTLEGEAR\EAGLE\Eagle_Stop.ZMO
m_461_19,461,19,STOP1,Eagle_Stop,3Ddata\PAT\CASTLEGEAR\EAGLE\Eagle_Stop.ZMO
m_462_0,462,0,MOVE,Eagle_Run,3Ddata\PAT\CASTLEGEAR\EAGLE\Eagle_Run.ZMO
m_462_1,462,1,MOVE,Eagle_Run,3Ddata\PAT\CASTLEGEAR\EAGLE\Eagle_Run.ZMO
m_462_2,462,2,MOVE,Eagle_Run,3Ddata\PAT\CASTLEGEAR\EAGLE\Eagle_Run.ZMO
m_462_3,462,3,MOVE,Eagle_Run,3Ddata\PAT\CASTLEGEAR\EAGLE\Eagle_Run.ZMO
m_462_4,462,4,MOVE,Eagle_Run,3Ddata\PAT\CASTLEGEAR\EAGLE\Eagle_Run.ZMO
m_462_5,462,5,MOVE,Eagle_Run,3Ddata\PAT\CASTLEGEAR\EAGLE\Eagle_Run.ZMO
m_462_6,462,6,MOVE,Eagle_Run,3Ddata\PAT\CASTLEGEAR\EAGLE\Eagle_Run.ZMO
m_462_7,462,7,MOVE,Eagle_Run,3Ddata\PAT\CASTLEGEAR\EAGLE\Eagle_Run.ZMO
m_462_8,462,8,MOVE,Eagle_Run,3Ddata\PAT\CASTLEGEAR\EAGLE\Eagle_Run.ZMO
m_462_9,462,9,MOVE,Eagle_Run,3Ddata\PAT\CASTLEGEAR\EAGLE\Eagle_Run.ZMO
m_462_10,462,10,MOVE,Eagle_Run,3Ddata\PAT\CASTLEGEAR\EAGLE\Eagle_Run.ZMO
m_462_11,462,11,MOVE,Eagle_Run,3Ddata\PAT\CASTLEGEAR\EAGLE\Eagle_Run.ZMO
m_462_12,462,12,MOVE,Eagle_Run,3Ddata\PAT\CASTLEGEAR\EAGLE\Eagle_Run.ZMO
m_462_13,462,13,MOVE,Eagle_Run,3Ddata\PAT\CASTLEGEAR\EAGLE\Eagle_Run.ZMO
m_462_14,462,14,MOVE,Eagle_Run,3Ddata\PAT\CASTLEGEAR\EAGLE\Eagle_Run.ZMO
m_462_15,462,15,MOVE,Eagle_Run,3Ddata\PAT\CASTLEGEAR\EAGLE\Eagle_Run.ZMO
m_462_16,462,16,MOVE,Eagle_Run,3Ddata\PAT\CASTLEGEAR\EAGLE\Eagle_Run.ZMO
m_462_17,462,17,MOVE,Eagle_Run,3Ddata\PAT\CASTLEGEAR\EAGLE\Eagle_Run.ZMO
m_462_18,462,18,MOVE,Eagle_Run,3Ddata\PAT\CASTLEGEAR\EAGLE\Eagle_Run.ZMO
m_462_19,462,19,MOVE,Eagle_Run,3Ddata\PAT\CASTLEGEAR\EAGLE\Eagle_Run.ZMO
m_463_0,463,0,ATTACK01,Eagle_Attack,3Ddata\PAT\CASTLEGEAR\EAGLE\Eagle_Attack.ZMO
m_463_1,463,1,ATTACK01,Eagle_Attack,3Ddata\PAT\CASTLEGEAR\EAGLE\Eagle_Attack.ZMO
m_463_2,463,2,ATTACK01,Eagle_Attack,3Ddata\PAT\CASTLEGEAR\EAGLE\Eagle_Attack.ZMO
m_463_3,463,3,ATTACK01,Eagle_Attack,3Ddata\PAT\CASTLEGEAR\EAGLE\Eagle_Attack.ZMO
m_463_4,463,4,ATTACK01,Eagle_Attack,3Ddata\PAT\CASTLEGEAR\EAGLE\Eagle_Attack.ZMO
m_463_5,463,5,ATTACK01,Eagle_Attack,3Ddata\PAT\CASTLEGEAR\EAGLE\Eagle_Attack.ZMO
m_463_6,463,6,ATTACK01,Eagle_Attack,3Ddata\PAT\CASTLEGEAR\EAGLE\Eagle_Attack.ZMO
m_463_7,463,7,ATTACK01,Eagle_Attack,3Ddata\PAT\CASTLEGEAR\EAGLE\Eagle_Attack.ZMO
m_463_8,463,8,ATTACK01,Eagle_Attack,3Ddata\PAT\CASTLEGEAR\EAGLE\Eagle_Attack.ZMO
m_463_9,463,9,ATTACK01,Eagle_Attack,3Ddata\PAT\CASTLEGEAR\EAGLE\Eagle_Attack.ZMO
m_463_10,463,10,ATTACK01,Eagle_Attack,3Ddata\PAT\CASTLEGEAR\EAGLE\Eagle_Attack.ZMO
m_463_11,463,11,ATTACK01,Eagle_Attack,3Ddata\PAT\CASTLEGEAR\EAGLE\Eagle_Attack.ZMO
m_463_12,463,12,ATTACK01,Eagle_Attack,3Ddata\PAT\CASTLEGEAR\EAGLE\Eagle_Attack.ZMO
m_463_13,463,13,ATTACK01,Eagle_Attack,3Ddata\PAT\CASTLEGEAR\EAGLE\Eagle_Attack.ZMO
m_463_14,463,14,ATTACK01,Eagle_Attack,3Ddata\PAT\CASTLEGEAR\EAGLE\Eagle_Attack.ZMO
m_463_15,463,15,ATTACK01,Eagle_Attack,3Ddata\PAT\CASTLEGEAR\EAGLE\Eagle_Attack.ZMO
m_463_16,463,16,ATTACK01,Eagle_Attack,3Ddata\PAT\CASTLEGEAR\EAGLE\Eagle_Attack.ZMO
m_463_17,463,17,ATTACK01,Eagle_Attack,3Ddata\PAT\CASTLEGEAR\EAGLE\Eagle_Attack.ZMO
m_463_18,463,18,ATTACK01,Eagle_Attack,3Ddata\PAT\CASTLEGEAR\EAGLE\Eagle_Attack.ZMO
m_463_19,463,19,ATTACK01,Eagle_Attack,3Ddata\PAT\CASTLEGEAR\EAGLE\Eagle_Attack.ZMO
m_464_0,464,0,ATTACK02,Eagle_Attack,3Ddata\PAT\CASTLEGEAR\EAGLE\Eagle_Attack.ZMO
m_464_1,464,1,ATTACK02,Eagle_Attack,3Ddata\PAT\CASTLEGEAR\EAGLE\Eagle_Attack.ZMO
m_464_2,464,2,ATTACK02,Eagle_Attack,3Ddata\PAT\CASTLEGEAR\EAGLE\Eagle_Attack.ZMO
m_464_3,464,3,ATTACK02,Eagle_Attack,3Ddata\PAT\CASTLEGEAR\EAGLE\Eagle_Attack.ZMO
m_464_4,464,4,ATTACK02,Eagle_Attack,3Ddata\PAT\CASTLEGEAR\EAGLE\Eagle_Attack.ZMO
m_464_5,464,5,ATTACK02,Eagle_Attack,3Ddata\PAT\CASTLEGEAR\EAGLE\Eagle_Attack.ZMO
m_464_6,464,6,ATTACK02,Eagle_Attack,3Ddata\PAT\CASTLEGEAR\EAGLE\Eagle_Attack.ZMO
m_464_7,464,7,ATTACK02,Eagle_Attack,3Ddata\PAT\CASTLEGEAR\EAGLE\Eagle_Attack.ZMO
m_464_8,464,8,ATTACK02,Eagle_Attack,3Ddata\PAT\CASTLEGEAR\EAGLE\Eagle_Attack.ZMO
m_464_9,464,9,ATTACK02,Eagle_Attack,3Ddata\PAT\CASTLEGEAR\EAGLE\Eagle_Attack.ZMO
m_464_10,464,10,ATTACK02,Eagle_Attack,3Ddata\PAT\CASTLEGEAR\EAGLE\Eagle_Attack.ZMO
m_464_11,464,11,ATTACK02,Eagle_Attack,3Ddata\PAT\CASTLEGEAR\EAGLE\Eagle_Attack.ZMO
m_464_12,464,12,ATTACK02,Eagle_Attack,3Ddata\PAT\CASTLEGEAR\EAGLE\Eagle_Attack.ZMO
m_464_13,464,13,ATTACK02,Eagle_Attack,3Ddata\PAT\CASTLEGEAR\EAGLE\Eagle_Attack.ZMO
m_464_14,464,14,ATTACK02,Eagle_Attack,3Ddata\PAT\CASTLEGEAR\EAGLE\Eagle_Attack.ZMO
m_464_15,464,15,ATTACK02,Eagle_Attack,3Ddata\PAT\CASTLEGEAR\EAGLE\Eagle_Attack.ZMO
m_464_16,464,16,ATTACK02,Eagle_Attack,3Ddata\PAT\CASTLEGEAR\EAGLE\Eagle_Attack.ZMO
m_464_17,464,17,ATTACK02,Eagle_Attack,3Ddata\PAT\CASTLEGEAR\EAGLE\Eagle_Attack.ZMO
m_464_18,464,18,ATTACK02,Eagle_Attack,3Ddata\PAT\CASTLEGEAR\EAGLE\Eagle_Attack.ZMO
m_464_19,464,19,ATTACK02,Eagle_Attack,3Ddata\PAT\CASTLEGEAR\EAGLE\Eagle_Attack.ZMO
m_465_0,465,0,ATTACK03,Eagle_Attack,3Ddata\PAT\CASTLEGEAR\EAGLE\Eagle_Attack.ZMO
m_465_1,465,1,ATTACK03,Eagle_Attack,3Ddata\PAT\CASTLEGEAR\EAGLE\Eagle_Attack.ZMO
m_465_2,465,2,ATTACK03,Eagle_Attack,3Ddata\PAT\CASTLEGEAR\EAGLE\Eagle_Attack.ZMO
m_465_3,465,3,ATTACK03,Eagle_Attack,3Ddata\PAT\CASTLEGEAR\EAGLE\Eagle_Attack.ZMO
m_465_4,465,4,ATTACK03,Eagle_Attack,3Ddata\PAT\CASTLEGEAR\EAGLE\Eagle_Attack.ZMO
m_465_5,465,5,ATTACK03,Eagle_Attack,3Ddata\PAT\CASTLEGEAR\EAGLE\Eagle_Attack.ZMO
m_465_6,465,6,ATTACK03,Eagle_Attack,3Ddata\PAT\CASTLEGEAR\EAGLE\Eagle_Attack.ZMO
m_465_7,465,7,ATTACK03,Eagle_Attack,3Ddata\PAT\CASTLEGEAR\EAGLE\Eagle_Attack.ZMO
m_465_8,465,8,ATTACK03,Eagle_Attack,3Ddata\PAT\CASTLEGEAR\EAGLE\Eagle_Attack.ZMO
m_465_9,465,9,ATTACK03,Eagle_Attack,3Ddata\PAT\CASTLEGEAR\EAGLE\Eagle_Attack.ZMO
m_465_10,465,10,ATTACK03,Eagle_Attack,3Ddata\PAT\CASTLEGEAR\EAGLE\Eagle_Attack.ZMO
m_465_11,465,11,ATTACK03,Eagle_Attack,3Ddata\PAT\CASTLEGEAR\EAGLE\Eagle_Attack.ZMO
m_465_12,465,12,ATTACK03,Eagle_Attack,3Ddata\PAT\CASTLEGEAR\EAGLE\Eagle_Attack.ZMO
m_465_13,465,13,ATTACK03,Eagle_Attack,3Ddata\PAT\CASTLEGEAR\EAGLE\Eagle_Attack.ZMO
m_465_14,465,14,ATTACK03,Eagle_Attack,3Ddata\PAT\CASTLEGEAR\EAGLE\Eagle_Attack.ZMO
m_465_15,465,15,ATTACK03,Eagle_Attack,3Ddata\PAT\CASTLEGEAR\EAGLE\Eagle_Attack.ZMO
m_465_16,465,16,ATTACK03,Eagle_Attack,3Ddata\PAT\CASTLEGEAR\EAGLE\Eagle_Attack.ZMO
m_465_17,465,17,ATTACK03,Eagle_Attack,3Ddata\PAT\CASTLEGEAR\EAGLE\Eagle_Attack.ZMO
m_465_18,465,18,ATTACK03,Eagle_Attack,3Ddata\PAT\CASTLEGEAR\EAGLE\Eagle_Attack.ZMO
m_465_19,465,19,ATTACK03,Eagle_Attack,3Ddata\PAT\CASTLEGEAR\EAGLE\Eagle_Attack.ZMO
