Name,Id,DisplayName,Description,StartMsg,EndMsg,TimeLimit,OwnerType,Icon,StlKey
quest_101,101,Dreadful Epidemic,"Myad recently told you about the epidemic in the village, and said that Seyon might be able to help.",,,0,0,81,LQUE0101
quest_102,102,Dreadful Epidemic,Seyon said that the mushrooms started to rot after a group of suspicious people garbed in red were camping near them. Let's search the area around the mushrooms for clues.,,,0,0,81,LQUE0102
quest_103,103,Mysterious Emblem,You discovered this peculiar emblem near the mushrooms. You better show this to Myad.,,,0,0,81,LQUE0103
quest_104,104,Mysterious Emblem,"Just like Seyon said, those suspicious strangers were also seen by Myad. Myad told you to meet Karitte at the Tower of Luxem Valley.",,,0,0,81,LQUE0104
quest_105,105,Healing Hands,"Karitte said that the epidemic is actually a curse. An antidote needs to be created, so you'll have to collect 10 Pumpkin Seeds for Karitte.",,,0,0,81,LQUE0105
quest_106,106,Healing Hands,"You have to complete this quest before the Soil of Purification and Antidote lose their effectiveness. There's not much time left, so you better place the Soil of Purification a",,,180,0,81,LQUE0106
quest_107,107,Healing Hands,"Myad has asked you to save Pony and Ronk. You're running out of time, so you've got to bring the antidote to them.",,,90,0,81,LQUE0107
quest_108,108,Healing Hands,Myad said that Zant Village seems to be cursed too. He's asked you to give the Antidote Recipe to Lena.,,,0,0,81,LQUE0108
quest_109,109,Sacrificed Soul,"Lena, a descendant of Lillith, said that the dark force around Zant Village is caused by a witch staying in the Tower of Luxem Valley. Lena said that Karitte must be stopped, and is spreading bad rumors about her. You should see Karitte first.",,,0,0,81,LQUE0109
quest_110,110,The Truth to the Rumors,"Karitte told you a totally different story than Lena. Something else is behind the dark force affecting the Canyon City. Karitte has told you to check up on Luth, who is well known for causing trouble in Zant.",,,0,0,81,LQUE0110
quest_111,111,The Truth to the Rumors,"Why was Luth so angry with you, and what could be so special about the hourglass he's mentioned? You better ask Lena and find out what you can.",,,0,0,81,LQUE0111
quest_112,112,Hourglass of Purification,"According to Lena, Luth messed around with the hourglass in Zant and took the Crystal Key. You better question Luth and see if you can get the Crystal Key back.",,,0,0,81,LQUE0112
quest_113,113,Hourglass of Purification,"That cowardly Luth! How could he throw away the Crystal Key because of a Woopie? Could the big, grey Woopie have been the Woopie King? Hurry and find the Crystal Key!",,,0,0,81,LQUE0113
quest_114,114,Hourglass of Purification,Lena told you to put the Crystal Key into the hourglass. You'll need to search for the hourglass and its keyhole.,,,0,0,81,LQUE0114
quest_115,115,Hourglass of Purification,"Lena recognizes her mistake, and she has asked you to apologize to Karitte for her before she visits her in person.",,,0,0,81,LQUE0115
quest_116,116,A Favor for Karitte,"Karitte has asked you to meet Harin in Junon Polis, and find out if she's really her older sister.",,,0,0,81,LQUE0116
quest_117,117,Proof,"To earn Harin's trust, you've decided to help her by finding Bellia, the Gypsy Jewel Seller, so you can get some sort of secret medicine.",,,0,0,81,LQUE0117
quest_118,118,Forbidden Potion,"Bellia asks you to get 20 Sharp Stingers and 20 Wild Animal Claws to make the secret medicine. Hunt Queen Bibis and Queen HoneyBees to find Sharp Stingers, and Fighter Rackies for the Wild Animal Claws.",,,0,0,81,LQUE0118
quest_119,119,Forbidden Potion,Bellia has asked you to ask Harin about the Gypsy Permit she gave to you. You need to speak to Harin and see if you can learn who issued that permit.,,,0,0,81,LQUE0119
quest_120,120,Dreadful Book,"Harin asks you to steal Dreadful Book Vol.2 from Bellia during the night. Bellia has bad eyesight, so you probably won't get caught if you're careful.",,,0,0,81,LQUE0120
quest_121,121,Banned Recipe,Harin says that she'll need Five-Color Scales to make the secret medicine. Hunt Aqua Warriors to get these Five-Color Scales.,,,0,0,81,LQUE0121
quest_122,122,Resurrection,You finally have the secret medicine! But there's something suspicious about being asked to sprinkle it around the pyramid in the El Verloon Desert to revive Alex…,,,0,0,81,LQUE0122
quest_123,123,Resurrection,The hideous monster that appeared after sprinkling the Resurrection Medicine was carrying a small necklace and an emblem that's similar to the one you found while investigating the incident involving the cursed mushrooms. You'd better show these to Harin.,,,0,0,81,LQUE0123
quest_124,124,Magic of Anima Lake,"You must confront Shroon, possibly the mastermind of this entire plot, who is in the Shrine in Anima Lake which is North of Junon Polis.",,,0,0,81,LQUE0124
quest_125,125,Falsehoods,Shroon has denied any knowledge about Alex. You better let Harin know about this.,,,0,0,81,LQUE0125
quest_126,126,Falsehoods,"Harin says that Shroon is still continuing to research dark magic. She asks you to deliver a letter to Bellia, who might be able to deal with Shroon.",,,0,0,81,LQUE0126
quest_127,127,The Owl Eye,"With a background in alchemy, Bellia is taking a very methodical approach in dealing with Shroon. To learn Shroon's secrets, Bellia asks you ",,,0,0,81,LQUE0127
quest_128,128,The Owl Eye,"Now that you've brought the Gold Fragments, you need fruit from Guardian Trees to complete the Owl Eye. Go to the Forest of Wisdom and get 10 fruit from the Guardian Trees.",,,0,0,81,LQUE0128
quest_129,129,The Owl Eye,"Now that you've got the completed Owl Eye, you need to hide it someplace where it can watch Shroon. Be careful: If you're caught, all your efforts will be for nothing!",,,0,0,81,LQUE0129
quest_130,130,Eva the Sorcerer,"Bellia realizes the power of Shroon's magic and recommends that you get Eva to help you. Hopefully, you can persuade Eva, a woman who abandoned magic and is now living as a Guide, to help you.",,,0,0,81,LQUE0130
quest_131,131,Eva the Sorcerer,"Something seems to be blocking the power of the Owl Eye. You need for get 20 Flames of Courage from Kaiman Warriors, and 5 Flames of Passion from Grunter Kings, to penetrate the darkness that's interfering with the Owl Eye.",,,0,0,81,LQUE0131
quest_132,132,Forbidden Spell,"Eva believes that Shroon may be trying to contract with a demon which may present a dangerous scenario. While Eva looks into other ways to deal with Shroon, you've got to try to convince Shroon to cancel this contract.",,,0,0,81,LQUE0132
quest_133,133,Forbidden Spell,"In the end, you weren't able to dissuade the stubborn Shroon. You'd better meet with Eva and see how she's doing.",,,0,0,81,LQUE0133
quest_134,134,The Scheme,"Surprisingly, Eva understands Shroon's plans and you now know that Shroon's secret is in the Pyramid in El Verloon Desert. But since Shroon protected that area with a barrier, you'll need 15 Bottles of Odorous Sweat. Be careful, they smell terrible!",,,0,0,81,LQUE0134
quest_135,135,The Scheme,Eva placed a spell on the Odorous Sweat so that even the dead can smell it. Hurry and sprinkle it around the Pyramid before Shroon notices.,,,0,0,81,LQUE0135
quest_136,136,The Scheme,"Eva says that the Red Heart is the medium for Shroon's spell. While Eva deals with the spell, you've got to try to talk to Shroon again.",,,0,0,81,LQUE0136
quest_137,137,The Road to Justice,"Shroon seems angered that you've foiled his plans. Although you've won this time, who knows what Shroon may do in the future. For now, you'd better meet Eva.",,,0,0,81,LQUE0137
quest_138,138,The Road to Justice,Eva will be using the Owl Eye to watch Shroon from now on. You should return to Harin so you can tell her everything that happened.,,,0,0,81,LQUE0138
quest_139,139,Punwell in Windmill Village,"Harin heard everything about Shroon, and has now asked you to help Punwell in the Windmill Village.",,,0,0,81,LQUE0139
quest_140,140,The Zeppastone Wind Gem,"Punwell says that the Zeppastone Wind Gem is necessary for the prosperity of the Windmill Village. All you know is that the Zeppastone should be in a dark, enclosed place.",,,0,0,81,LQUE0140
quest_141,141,The Prince of Akram,"After recovering the Zeppastone, you hear about the runaway Prince of Akram. You should try to talk to Odelo, a Guard in Junon Polis, to learn more.",,,0,0,81,LQUE0141
quest_142,142,The Search for the Prince,Odelo said that the only trace of the Prince is a Golden Dagger kept by Gallahad in Kenji's Beach.,,,0,0,81,LQUE0142
quest_143,143,The Ominous Kenji Stone,"Gallahad suggests that you investigate the area around the Kenji Stone. Find out what you can over there, and return to Gallahad.",,,0,0,81,LQUE0143
quest_144,144,The Truth of the Golden Dagger,"To find out the truth about the Golden Dagger, you should talk to Lutis, who is in the Valley of Luxem Tower.",,,0,0,81,LQUE0144
quest_145,145,Information on Lunar,"Lutis started babbling about Luna, but maybe you should visit that planet someday. Now you need to speak to Winters, a Guard in Junon Polis, to continue your search for information on the Golden Dagger.",,,0,0,81,LQUE0145
quest_146,146,The Truth of the Golden Dagger (2),"You should ask Winters, a Soldier in Junon Polis, about the Golden Dagger.",,,0,0,81,LQUE0146
quest_147,147,"Pavrick, the Craftsman on Lunar","Winters recommended that you see Pavrick, the best craftsman in Luna, to check the Golden Dagger's authenticity. You must ask Alphonso to guide you to Luna. ",,,0,0,81,LQUE0147
quest_148,148,The Royal Golden Dagger,"Pavrick confirmed that the Golden Dagger really did belong to the royal family. Hence, the warrior who saved Kenji's Beach was really the Prince. But where is he now? First, you need to return the Golden Dagger to Gallahad.",,,0,0,81,LQUE0148
quest_149,149,An Interesting Proposal,"Gallahad told you that Kay, in the Forest of Wisdom, has an interesting proposal for Visitors and that you should visit him. What ever could this proposal be?",,,0,0,81,LQUE0149
quest_150,150,Kay's Secret,Kay asks you to get a cup of Lunarian Coffee from Bith in Kenji's Beach if you want to hear more about his secret proposal.,,,0,0,81,LQUE0150
quest_151,151,Lunarian Coffee,The secret to the rich flavor and sumptuous fragrance of Lunarian Coffee is in the Doonga Claws. You've got to get 20 Doonga Claws so that you can get some Lunarian Coffee.,,,0,0,81,LQUE0151
quest_152,152,Lunarian Coffee,You've got to bring this Lunarian Coffee to Kay in 10 minutes before it gets cold. Hurry up!,,,60,0,81,LQUE0152
quest_153,153,Kay's Request,"From Kay's pitiable story, you learn that Master Stone Golems have the boxes containing Kay's goods. You need to retrieve 11 boxes from the Master Stone Golems for Kay.",,,0,0,81,LQUE0153
quest_154,154,Kay's Request,Kay asks you to find Med's whereabouts to uncover the secret of the Arumic researchers who withdrew from the Gorge of Silence.,,,0,0,81,LQUE0154
quest_155,155,Suspicious Researchers,"Med asks you to find the Mana Chargers that the researchers have hidden in the village. The message 'Wine Barrel,' was inscribed on one of the Chargers. Maybe you should investigate the Bar to find the next hidden Mana Charger.",,,0,0,81,LQUE0155
quest_156,156,Monsters in the Desert,"According to Med, Worm Dragons have been chosen to store large amounts of Mana Energy for the Arumics. Fight with about 5 Worm Dragons and search their bodies for Mana Chargers. You can only succeed in this mission by forming a party.",,,0,0,81,LQUE0156
quest_157,157,Skin of Steel,"According to the message in the Charger, you must now fight Grandmaster Golems. Fight with about 5 Grandmaster Golems and look for Mana Chargers in their dead bodies. You can only complete this task by forming a party.",,,0,0,81,LQUE0157
quest_158,158,Leaders in the Abyss,It is said that Hebarn's Red Hearts are sealed in the leaders of the Goblins. Go to the Goblin Cave and fight these high ranked Goblins in order to get at least 3 Red Hearts. You can only succeed by creating a party.,,,0,0,81,LQUE0158
quest_181,181,Haloween Event Quest,"samara asked you To bring her Materials ,For Good Reward . She Needs Ghost Oil , Pumpkin head , Candy bag Be fast Before that someone else take it from her",,,0,0,81,LQUE0501
quest_801,801,Junon Planet Identification,"You can get a job after reaching character Level 10. Bring your identification papers to Warren in Zant, and he will give you more information. ",,,0,0,78,LQUE0801
quest_802,802,Secretly Learning to Drive,"You asked Mildun to teach you the Drive Cart skill, but he has directed you to Mairard. You should go and meet Mairard as soon as you can.",,,0,0,81,LQUE0802
quest_803,803,Secretly Learning to Drive,"Mairard has taught you the history of the Cart. Now, you should ask Luce in Kenji's Beach to teach you about Cart functions.",,,0,0,81,LQUE0803
quest_804,804,Secretly Learning to Drive,Luce has explained everything about Cart functions to you. Now you can go back to Junon Polis to ask Mildun to teach you the Drive Cart skill.,,,0,0,81,LQUE0804
quest_805,805,Secretly Learning to Drive,"Mildun wants you to hide any documents revealing his involvement in teaching you the Drive Cart skill in the Goblin Cave. Once you've hidden the evidence, return to Mildun. ",,,0,0,81,LQUE0805
quest_851,851,Solider Job Change Quest,Warren says you cannot become a Soldier unless you receive a recommendation. You should talk to Leonard in Zant in order to obtain one.,,,0,0,78,LQUE0851
quest_852,852,Solider Job Change Quest,Leonard wants you to collect 10 HoneyBee Stingers as part of his test to prove you're worthy of becoming a Soldier.,,,0,0,78,LQUE0852
quest_853,853,Solider Job Change Quest,Leonard now wants you to fight Elder Pumpkins and bring him 3 Pumpkin Seeds.,,,0,0,78,LQUE0853
quest_854,854,Solider Job Change Quest,"At last, Leonard has written a recommendation letter for you. With this, Warren will trust you enough to be a Soldier.",,,0,0,78,LQUE0854
quest_855,855,Living as a True Soldier,"For the sake of becoming a true Soldier, Raffle has suggested that you complete 3 training exercises. First, you need to defeat 40 Beetles.",,,0,0,78,LQUE0855
quest_856,856,Living as a True Soldier,"For the second exercise, you must defeat 15 Dalpings and 15 Ranger Dalpings.",,,0,0,78,LQUE0856
quest_857,857,Living as a True Soldier,Your final exercise is to fight Queen Bibis and bring 4 Queen Bibi's Staffs to Raffle.,,,0,0,78,LQUE0857
quest_858,858,Hovert's Mementos,"Crune has related the legend of Hovert, the greatest Soldier who ever lived. It seems he left behind some mementos around Anima Lake after he passed away.",,,0,0,78,LQUE0858
quest_859,859,Hovert's Mementos,"After giving Hovert's mementos to Pein, he asked you to fulfill his grandfather's last request. Go and defeat 3 Aqua Captains!",,,0,0,78,LQUE0859
quest_860,860,Hovert's Mementos,Pein was very pleased that you completed Hovert's final mission. He told you to visit Crune to receive a reward.,,,0,0,78,LQUE0860
quest_901,901,Muse Job Change Quest,Warren said that he'd recognize you as a Muse if you had a simple potion created for him. Let’s make one with Tryteh's help.,,,0,0,78,LQUE0901
quest_902,902,Muse Job Change Quest,"Tryteh told you about a recipe for creating a simple sleeping potion. First, bring 20 Flanae Seeds to Tryteh.",,,0,0,78,LQUE0902
quest_903,903,Muse Job Change Quest,"After receiving the Flanae Seeds, Tryteh has asked you to bring 5 Pumpkin Seeds. Fight Big Pumpkins to find some Pumpkin Seeds.",,,0,0,78,LQUE0903
quest_904,904,Muse Job Change Quest,"Tryteh made a potion for you called the 'Nectar of Deep Sleep.' With this, Warren should allow you to become a Muse.",,,0,0,78,LQUE0904
quest_905,905,Solitary Orias,Keenu asked if you could help Orias who is having trouble combating the strange forces in the El Verloon Desert.,,,0,0,78,LQUE0905
quest_906,906,Solitary Orias,"Orias said that he needs Stones of Nature to fight this strange force. Bring Orias 5 Stones of Nature from each of the following elements: Fire, Water and Earth. Fight Dalpings and Ranger Dalpings to find these Stones of Nature.",,,0,0,78,LQUE0906
quest_907,907,Solitary Orias,"Orias is very grateful for your help, but has nothing to give you in the middle of the desert. He's asked you to go to Keenu for your reward.",,,0,0,78,LQUE0907
quest_908,908,An Appropriate Compromise,"Lisa asked you if you can help settle a dispute between Francis and Shroon. First, you should meet Shroon at the temple near Lake Anima.",,,0,0,78,LQUE0908
quest_909,909,An Appropriate Compromise,"Shroon said that he'd never give up Anima Lake. You have to talk to Francis, the head of the Junon Order in Zant.",,,0,0,78,LQUE0909
quest_910,910,An Appropriate Compromise,Francis has accepted the Ikaness' suggestion and will delay the temple construction for 3 years to find and build a new place for the Ikaness to live. You should tell Shroon about this.,,,0,0,78,LQUE0910
quest_911,911,An Appropriate Compromise,"Shroon has agreed with Francis' suggestion. To help prepare this new place for the Ikaness, you must kill 20 Porkies and 5 Porkie Hooligans.",,,0,0,78,LQUE0911
quest_912,912,An Appropriate Compromise,"Shroon was very pleased to have this new place and is willing to leave Anima Lake for good. Now, you should go back to Francis and let him know of this.",,,0,0,78,LQUE0912
quest_951,951,Hawker Job Change Quest,"Reasoning that speed is essential for Hawkers, Warren has asked you to bring him a Tarren Earring from Shannon. You better head straight to the Tower of Luxem Valley.",,,0,0,78,LQUE0951
quest_952,952,Hawker Job Change Quest,"Before Shannon will give you to Tarren Earring, you must bring twenty 20 Crystal Dew. Hunt Mother Choropy, Spotted Choropy, and Jelly King to get Crystal Dew.",,,0,0,78,LQUE0952
quest_953,953,Hawker Job Change Quest,You traded 20 Crystal Dew for the Tarren Earring. Now you should return to Warren who is waiting for you. ,,,0,0,78,LQUE0953
quest_954,954,Why Did Toddy Steal the Jewels?,"Last night, Mina’s jewel shop was robbed. Toddy, the suspect, is said to have run away to the Breezy Hills. It's not too late to try to find him!",,,0,0,78,LQUE0954
quest_955,955,Why Did Toddy Steal the Jewels?,That little boy Mile said that Toddy threw the jewels into the fields. Find 10 of Mina's Rubies. It's likely that the Dalpings have picked them up…,,,0,0,78,LQUE0955
quest_956,956,Why Did Toddy Steal the Jewels?,Mina said that his Crystal Necklaces haven't been found yet. Find 7 Crystal Necklaces which were probably picked up by Beetle Fighters.,,,0,0,78,LQUE0956
quest_957,957,The Essence of Speed,"Reasoning that speed is essential for Hawkers, Carrion wants to test your quickness with a special hunting challenge. He'll give you a reward if you defeat 10 Aqua Captains in 10 minutes.",,,60,0,78,LQUE0957
quest_958,958,The Essence of Speed,Carrion is a little disappointed but he'll give you another chance. Go and defeat 10 Aqua Captains in 15 minutes.,,,90,0,78,LQUE0958
quest_959,959,The Essence of Speed,"Carrion will give you one last chance. You have 30 minutes to defeat 10 Aqua Captains. Remember, Carrion isn't going to give you any more chances!",,,180,0,78,LQUE0959
quest_1001,1001,Dealer Job Change Quest,Warren suggested that you meet Crow to learn about the basics of trading.,,,0,0,78,LQUE1001
quest_1002,1002,Dealer Job Change Quest,"Crow asked you to bring him Fleece and Small Metal Boards, since their market prices have risen. For this, you need to meet Lampa in Zant Village, and Seyon in the Adventurer's Plains.",,,0,0,78,LQUE1002
quest_1003,1003,Dealer Job Change Quest,Crow asked you to bring him 15 HoneyBee Stingers. HoneyBee Stingers can found from hunting Needle HoneyBees.,,,0,0,78,LQUE1003
quest_1004,1004,Dealer Job Change Quest,"Crow appreciates your work for getting him the materials, saying that he can sell them at a good price. He has written a recommendation that you can take to Warren to become a Dealer.",,,0,0,78,LQUE1004
quest_1005,1005,An Eye for the Marketplace,"Ulysses said that Beetle Shells are selling for a good price lately. If you bring him 15 Beetle Shells from Beetle Fighters, he'll buy them from you for a good price.",,,0,0,78,LQUE1005
quest_1006,1006,An Eye for the Marketplace,"Ulysses said that the Beetle Shell price has dropped. Instead, he's offering to give you Cobra Leather that you can sell in the Breezy Hills.",,,0,0,78,LQUE1006
quest_1007,1007,An Eye for the Marketplace,"Mairard was very pleased with the Cobra Leather you've given him. Now, if you bring him some Dalping Eggs, he will give you a good weapon.",,,0,0,78,LQUE1007
quest_1008,1008,The Humble Smith,Crow told you that he can make you an Iron Rifle if you bring him 10 Aqua Molars. You can get Aqua Molars from Aqua Rangers and Aqua Hunters.,,,0,0,78,LQUE1008
quest_1049,1049,Second Job Change Quest,"Darren, the mayor of Junon Polis, will test your abilities before you can change to the Second Job. First, you have to defeat 3 Guardian Trees and 3 Grunter Kings.",,,0,0,78,LQUE1049
quest_1050,1050,Second Job Change Quest,"For Darren's second test, you must defeat 3 Junon's KingKongs and 3 Krawfy Kings.",,,0,0,78,LQUE1050
quest_1051,1051,Road to Second Job Change,"Before giving you the Second Job, Darren wants you to meet and help Crune, a Weapon Merchant in Junon.",,,0,0,78,LQUE1051
quest_1052,1052,Road to Second Job Change,"Before giving you the Second Job, Darren wants you to meet and help Lisa, a Designer in Junon.",,,0,0,78,LQUE1052
quest_1053,1053,Road to Second Job Change,"Before giving you the Second Job, Darren wants you to meet and help Saki, an Armor Merchant in Junon.",,,0,0,78,LQUE1053
quest_1054,1054,Road to Second Job Change,"Before giving you the Second Job, Darren wants you to meet and help Mildun, a Ferrell Guild Merchant in Junon.",,,0,0,78,LQUE1054
quest_1055,1055,Lucid: King of Legend (Second Job Change),"The world is beginning to forget the legend of King Lucid, one of the Seven Knights. To revive his memory in the hearts of the people, you must find Lucid's Crown. ",,,0,0,78,LQUE1055
quest_1056,1056,Lucid: King of Legend (Second Job Change),There's a story about Lucid where his sword was shattered after he drove it in the ground to signify the reunion of the Seven Knight,,,0,0,78,LQUE1056
quest_1057,1057,Lucid: King of Legend (Second Job Change),Leonard has told you that the Goblins stole the broken pieces of Lucid's sword after they were hidden in the Goblin Cave. Go into the 2nd level of the Goblin Cave and find all 5 Fragments of Lucid's Sword.,,,0,0,78,LQUE1057
quest_1058,1058,Lucid: King of Legend (Second Job Change),Leonard was greatly pleased that you found all the pieces of Lucid's Sword. Now you should go to Breezy Hills and ask Mairath to restore Lucid's Sword.,,,0,0,78,LQUE1058
quest_1059,1059,Lucid: King of Legend (Second Job Change),Mairath said that the magic in the Token of Friendship is necessary to restore Lucid's Sword. You might be able to find the Token of Friendship in the Gorge of Silence.,,,0,0,78,LQUE1059
quest_1060,1060,Lucid: King of Legend (Second Job Change),"Mairath has restored Lucid's Sword using the sword fragments and the Token of Friendship. Although the idea of keeping the sword is tempting, you should donate it to the Kingdom's Museum by speaking to Jones.",,,0,0,78,LQUE1060
quest_1061,1061,Lucid: King of Legend (Second Job Change),Jones has written a recommendation for you. Show it to Darren in Junon Polis so you that you will be able to change to the Second Job.,,,0,0,78,LQUE1061
quest_1062,1062,Namielle: Mother of All (Second Job Change),"During her adventures with the Seven Knights, Namielle invented many spells that were never passed down. However, the secrets to her legendary magic are supposedly hidden in the Old Priest ",,,0,0,78,LQUE1062
quest_1063,1063,Namielle: Mother of All (Second Job Change),"When a faction of the Seven Heroes was opposed to embarking on the Second Expedition, Namielle destroyed her own wedding ring with Lucid's Sword to illustrate her dedication and willingness to sacrifice. However, t",,,0,0,78,LQUE1063
quest_1064,1064,Namielle: Mother of All (Second Job Change),Mina is certain that Namielle's Wedding Ring still exists and suggested that you investigate the Goblin Warriors in the 2nd level of the Goblin Cave.,,,0,0,78,LQUE1064
quest_1065,1065,Namielle: Mother of All (Second Job Change),"In the interest of preventing the disparaging rumors about Namielle from gaining credibility, Mina has decided to safeguard Namielle's Wedding Ring. However, another cause for concern in regards to Namielle",,,0,0,78,LQUE1065
quest_1066,1066,Namielle: Mother of All (Second Job Change),"Lutis said that you might be able to find the Hairpins of Oblivious by hunting Stone Golems in the Gorge of Silence. When you find 5 Hairpins of Oblivious, return to Mina.",,,0,0,78,LQUE1066
quest_1067,1067,Namielle: Mother of All (Second Job Change),Mina has praised your heroic activities and suggested that you change to the Second Job. Mina has even written you a recommendation letter that you can show to Darren in Junon Polis for the job change.,,,0,0,78,LQUE1067
quest_1068,1068,Kirnale's Journals (Second Job Change),"When you inquired about the Second Job, Saki told you about Kirnale, the legendary explorer. Upon hearing of Kirnale's exploits, you wanted to see the long lost Port",,,0,0,78,LQUE1068
quest_1069,1069,Kirnale's Journals (Second Job Change),"After bringing Kirnale's relics to Saki, Saki suggested that these artifacts be placed in the care of Jones, the historian in Junon Polis. You should go and visit Jones and perhaps you'll get the chance to read some of Kirnale's Journals.",,,0,0,78,LQUE1069
quest_1070,1070,Kirnale's Journals (Second Job Change),Jones said that he finally lent Kirnale's Journals to a stubborn adventurer who managed to lose them in the Goblin Cave. Hurry and search the 2nd level of the Goblin Cave for Kirnale's Journals!,,,0,0,78,LQUE1070
quest_1071,1071,Kirnale's Journals (Second Job Change),"You found Kirnale's Journals and returned them to Jones, asking him not to lose them again. Jones then suggested that you visit Sharlin, the tavern owner in Zant, if you want to hear the story of Kirnale and Lillith.",,,0,0,78,LQUE1071
quest_1072,1072,Kirnale's Journals (Second Job Change),The story that Sharlin told you about Kirnale and Lillith was really romantic. She seemed really eager to see the Phoenix Writing Quill that Kirnale gave to Lillith. Search the Gorge of Silence to see if you can find it.,,,0,0,78,LQUE1072
quest_1073,1073,Kirnale's Journals (Second Job Change),"After giving her the Phoenix Writing Quill, Sharlin has written a recommendation for you. Take her recommendation letter to Darren, mayor of Junon Polis, so that you can change to the Second Job.",,,0,0,78,LQUE1073
quest_1074,1074,"Lillith, Woman of the Cosmos (Second Job Change)",Mildun has asked you to search for Lillith's Family Emblem in order to restore her honor. Investigate the Goblin Warriors in the Goblin Cave (B2) and find the Family Emblem to restore Lillith's legend.,,,0,0,78,LQUE1074
quest_1075,1075,"Lillith, Woman of the Cosmos (Second Job Change)","After giving Mildun the Family Emblem that belonged to Lillith, he told you the bittersweet story of Lillith's love for Kirnale. Visit Hotch in Kenji's Beach to see if he'll let you read one of the love letters Lillith sent to Kirnale.",,,0,0,78,LQUE1075
quest_1076,1076,"Lillith, Woman of the Cosmos (Second Job Change)",Hotch has told you that the Krawfies stole the love letters written by Lillith that he has collected. You've got to recover 5 Bottled Love Letters from Krawfy Kings.,,,0,0,78,LQUE1076
quest_1077,1077,"Lillith, Woman of the Cosmos (Second Job Change)","After retrieving the love letters, Hotch has told you to bring them to Jones, the historian in Junon Polis, so that he can take good care of these historical relics.",,,0,0,78,LQUE1077
quest_1078,1078,"Lillith, Woman of the Cosmos (Second Job Change)",Jones expressed regret that Lillith's love story is more famous that her contributions to the Akram Kingdom. He suggested that you find Lillith's Scales in order to raise recognition of Li,,,0,0,78,LQUE1078
quest_1079,1079,"Lillith, Woman of the Cosmos (Second Job Change)","Jones praised your efforts, and believed it was a good time for you to be promoted. He's written a recommendation letter that you can take to Darren in Junon Polis so that you can change to the Second Job.",,,0,0,78,LQUE1079
quest_1100,1100,Mysterious Quest,You discovered a man called Osiris and a big artifact in Junon Fields. He has lost his memory and can't tell you why he is there. He needs some food. Speak to Reene at Junon Fields.,,,0,0,81,LQUE1100
quest_1101,1101,Mysterious Quest,Reene is out of fish. Go to Anima Lake and hunt 10 fish from Aqua Guard.,,,0,0,81,LQUE1101
quest_1102,1102,Mysterious Quest,You brought 10 Fish to Reene. Now go back to Osiris and give him the Fish.,,,0,0,81,LQUE1102
quest_1103,1103,Mysterious Quest,You gave the fish to Osiris but he still can't remember anything. He gave you his brooch to show to a minister. Nearest minister is Mairard at Junon Fields.,,,0,0,81,LQUE1103
quest_1104,1104,Mysterious Quest,"Mairard recommended that you speak to Jones, a historian of Junon. He can be found investigating the pyramid at El Verloon Desert.",,,0,0,81,LQUE1104
quest_1105,1105,Mysterious Quest,Jones told you to visit the Wisdom Tree at Forest of Wisdom to see if he can tell you more.,,,0,0,81,LQUE1105
quest_1106,1106,Mysterious Quest,The Wisdom Tree's guardian Fandral told you about the Royal Family of Oro and the truth about Osiris. Time to go back to Osiris at Junon Fields and tell him what you've learnt.,,,0,0,81,LQUE1106
quest_1107,1107,Mysterious Quest,Osiris told you about the ritual of his family. You must go to the Ancient Pyramid at El Verloon Desert and find one of the Ancient Guardians.,,,0,0,81,LQUE1107
quest_1108,1108,Mysterious Quest,The guardian told you to find the Salamander Flame within the Pyramid and place the Royal Sword through it and then bring back the Firelord's choker.,,,0,0,81,LQUE1108
quest_1109,1109,Mysterious Quest,You must search the beaches and land around the stone statues at Kenji Beach for a Tablet left by the ancients.,,,0,0,81,LQUE1109
quest_1110,1110,Mysterious Quest,You discovered a tablet near the beach. You must now show this to Osiris at Junon Fields.,,,0,0,81,LQUE1110
quest_1111,1111,Mysterious Quest,Osiris has asked you to travel to Oro and help him further there. Take these flight blueprints to Ruven at Junon Polis and he will be able to take you to Oro.,,,0,0,81,LQUE1111
quest_1189,1189,Pawn Players Hell Yeah! (Level 180 - 200),Kill all the players you see!,,,0,0,79,LQUE1189
quest_1190,1190,Pawn Players Hell Yeah! (Level 125 - 130),Kill all the players you see!,,,0,0,79,LQUE1190
quest_1191,1191,Team Junon (TW Event),"Your objective is to protect your crystals and kill all the crystals of your opponent, after killing the 3 crystals the main crystal will spawn at the center of the map you need to destroy the last crystal in order to win",,,0,0,79,LQUE1191
quest_1192,1192,Team Eldeon (TW Event),"Your objective is to protect your crystals and kill all the crystals of your opponent, after killing the 3 crystals the main crystal will spawn at the center of the map you need to destroy the last crystal in order to win",,,0,0,79,LQUE1192
quest_1200,1200,Junon Clanfield Challenge,Your task is to travel to Junon Clanfield and kill each of the 5 Guardians then report back to the battleground.,,,0,0,79,LQUE1200
quest_1201,1201,Astarot King Hunt,Go to Luna Clanfield and slay the Astarot King.,,,0,0,79,LQUE1201
quest_1202,1202,Fallen Visitors,You must hunt 100 of the Fallen Visitors then report back to a Battleground Staff Member.,,,0,0,79,LQUE1202
quest_1203,1203,Jess's Supplies,You must go to Eldeon Clanfield and speak to Jess. She has a job for you.,,,0,0,79,LQUE1203
quest_1204,1204,monkey,,,,0,0,79,LQUE1204
quest_1205,1205,Guduka's Challenge,You must go to Eldeon Clanfield and speak to Guduka. He has a challenge for you.,,,0,0,79,LQUE1205
quest_1206,1206,,,,,0,0,79,LQUE1206
quest_1208,1208,Jess' Supplies,"Jess is running low on potions and she needs to produce more. Hunt Hook, Pincer and Nepenthes guardians for the 3 materials.",,,0,0,79,LQUE1208
quest_1209,1209,Jess' Supplies,You completed the task Jess set you. Go speak to a Battleground Staff member to finish the quest and recieve funds!,,,0,0,79,LQUE1209
quest_1211,1211,Guduka's Challenge,Somewhere within the clanfield is a Turak Guardian. Find him and defeat him then return to Guduka.,,,0,0,79,LQUE1211
quest_1212,1212,Guduka's Challenge,You completed Guduka's challenge. Head back to the battleground to recieve your reward.,,,0,0,79,LQUE1212
quest_1980,1980,Mana Engine Begotten: Devil Pest,"Years of exhaust from Mana Engines have mutated the Devil Pest virus, creating a new breed of incredibly dangerous monsters. Hunt down these monsters and bring 5 Proofs of Monst",,,900,0,81,LQUE1980
quest_1981,1981,Zeppastone Wind Gem,"Punwell says that the Zeppastone Wind Gem is necessary for the prosperity of the Windmill Village. All you know is that the Zeppastone should be in a dark, enclosed place.",,,0,0,81,LQUE1981
quest_1982,1982,The Prince of Akram,"After recovering the Zeppastone, you hear about the runaway Prince of Akram. You should try to talk to Odelo, a Guard in Junon Polis, to learn more.",,,0,0,81,LQUE1982
quest_1983,1983,The Search for the Prince,Odelo said that the only trace of the Prince is a Golden Dagger kept by Gallahad in Kenji's Beach.,,,0,0,81,LQUE1983
quest_1984,1984,The Ominous Kenji Stone,"Gallahad suggests that you investigate the area around the Kenji Stone. Find out what you can over there, and return to Gallahad.",,,0,0,81,LQUE1984
quest_1985,1985,The Truth of the Golden Dagger,"To find out the truth about the Golden Dagger, you should talk to Lutis, who is in the Valley of Luxem Tower.",,,0,0,81,LQUE1985
quest_1986,1986,Information on Lunar,"Lutis started babbling about Luna, but maybe you should visit that planet someday. Now you need to speak to Winters, a Guard in Junon Polis, to continue your search for information on the Golden Dagger.",,,0,0,81,LQUE1986
quest_1987,1987,The Truth of the Golden Dagger (2),"You should ask Winters, a Soldier in Junon Polis, about the Golden Dagger.",,,0,0,81,LQUE1987
quest_1988,1988,"Pavrick, the Craftsman on Lunar","Winters recommended that you see Pavrick, the best craftsman in Luna, to check the Golden Dagger's authenticity. You must ask Alphonso to guide you to Luna. ",,,0,0,81,LQUE1988
quest_1989,1989,The Royal Golden Dagger,"Pavrick confirmed that the Golden Dagger really did belong to the royal family. Hence, the warrior who saved Kenji's Beach was the Prince. But where is he now? First, you need to return the Golden Dagger to Gallahad.",,,0,0,81,LQUE1989
quest_2000,2000,Stolen Drawings,Mr. Spero told you about Woopies and Woppie Chefs made mess out of his lab and have stolen vaccine gun drawings. Let's get 2 drawings back from them who are wandering around Zant.,,,0,0,81,LQUE2000
quest_2001,2001,Report about Darkness,Mr. Spero asked you to bring a report about darkness form Tryteh who works for Arumic. It seems Mr. Spero and Arumic inventor are in bad relationship. Are you sure you can do this?,,,0,0,81,LQUE2001
quest_2002,2002,Report about Darkness,Tryteh says that you need to bring a certificate from chief of this village. You better ask Cornell about this. ,,,0,0,81,LQUE2002
quest_2003,2003,Report about Darkness,"Cornell says if you hand his letter to Lutis at the Tower of Luxem, he will help you. ",,,0,0,81,LQUE2003
quest_2004,2004,Report about Darkness,Lutis seems he can not accept what the letter says. You need to go to Cornell again. ,,,0,0,81,LQUE2004
quest_2005,2005,Report about Darkness,"Cornell seemed very upset about Lutis's feed back but fortunately, you get your certificate. Let's go to Tryteh.",,,0,0,81,LQUE2005
quest_2006,2006,Report about Darkness,Tryteh gave you the report as she promised. You feel dangerous about this. Better run to Mr. Spero.,,,0,0,81,LQUE2006
quest_2007,2007,Capturing Dalping,Mr.Spero send you to Belz who stays at the Breezi Hills for some information about capturing Dalping.,,,0,0,81,LQUE2007
quest_2008,2008,Capturing Dalping,Lazy Belz! He's irresponsible. Now you have to capture 10 Dalpings which supposed to be his job. ,,,0,0,81,LQUE2008
quest_2009,2009,Capturing Dalping,"Now, you finished capturing Dalping. You can go to Mr.Spero. Is he sure for Vaccine this time?",,,0,0,81,LQUE2009
quest_2010,2010,The Vaccine,Finally vaccine is completed! But still not sure about effects.Why don't you try it on Rackies? Mr.Spero says you better try more than 10 times.  ,,,0,0,81,LQUE2010
quest_2011,2011,The Vaccine,Vaccine surely worked! But Rackie died just after his devil pest was cured. Why? You gotta tell Mr.Spero about this.,,,0,0,81,LQUE2011
quest_2051,2051,Forgotten Temple Investigation (1),"Ishtal, the Eucar Judge, has asked you to excavate Shamanic Artifacts in the Forgotten Temple in order to reconstruct forgotten shamanist history. While you're there, he'd like you to clear out any thieves in the Forgotten Temple that you can find.",,,1080,0,81,LQUE2051
quest_2052,2052,Forgotten Temple Investigation (2),"Ishtal, the Eucar Judge, has asked you to excavate Shamanic Artifacts in the Forgotten Temple in order to reconstruct forgotten shamanist history. While you're there, he'd like you to clear out any thieves in the Forgotten Temple that you can find.",,,1080,0,81,LQUE2052
quest_2053,2053,Forgotten Temple Investigation (3),"Ishtal, the Eucar Judge, has asked you to excavate Shamanic Artifacts in the Forgotten Temple in order to reconstruct forgotten shamanist history. While you're there, he'd like you to clear out any thieves in the Forgotten Temple that you can find.",,,1080,0,81,LQUE2053
quest_2054,2054,Forgotten Temple Investigation (4),"Ishtal, the Eucar Judge, has asked you to excavate Shamanic Artifacts in the Forgotten Temple in order to reconstruct forgotten shamanist history. While you're there, he'd like you to clear out any thieves in the Forgotten Temple that you can find.",,,1080,0,81,LQUE2054
quest_2055,2055,Forgotten Temple Investigation (5),"Ishtal, the Eucar Judge, has asked you to excavate Shamanic Artifacts in the Forgotten Temple in order to reconstruct forgotten shamanist history. While you're there, he'd like you to clear out any thieves in the Forgotten Temple that you can find.",,,1080,0,81,LQUE2055
quest_2056,2056,Forgotten Temple Investigation (6),"Ishtal, the Eucar Judge, has asked you to excavate Shamanic Artifacts in the Forgotten Temple in order to reconstruct forgotten shamanist history. While you're there, he'd like you to clear out any thieves in the Forgotten Temple that you can find.",,,1080,0,81,LQUE2056
quest_2057,2057,Forgotten Temple Investigation (7),"Ishtal, the Eucar Judge, has asked you to excavate Shamanic Artifacts in the Forgotten Temple in order to reconstruct forgotten shamanist history. While you're there, he'd like you to clear out any thieves in the Forgotten Temple that you can find.",,,1080,0,81,LQUE2057
quest_2751,2751,Clan House Extension (1),"Burtland the Clan owner asked you to collect items that are necessary for Clan House Extension in order to raise your Clan Grade to 3. You are required to bring 600 Silver Iron, 400 Pine Wood and 10 Blue Crystals. These are normal items, not quest items.",,,0,0,80,LQUE2751
quest_2752,2752,Clan House Extension (2),"Burtland the Clan owner asked you to collect items that are necessary for Clan House Extension in order to raise your Clan Grade to 3. You are required to bring 200 Steel, 150 Cinnamon Wood and 50 Earth Stones. These are normal items, not quest items.",,,0,0,80,LQUE2752
quest_2753,2753,Clan House Extension (3),"Burtland the Clan owner asked you to collect items that are necessary for Clan House Extension in order to raise your Clan Grade to 3. You are required to bring 50 Chromium, 100 Molive and 2 Green Hearts. These are normal items, not quest items.",,,0,0,80,LQUE2753
quest_2851,2851,Retribution upon the Blasphemous,"Both the Righteous Crusaders and the Ferrell Guild have blasphemed the Junon Order, and they must be punished in the name of Junon. Let them feel our righteous wrath!",,,420,0,79,LQUE2851
quest_2852,2852,Protected by Holiness,"Though the Righteous Crusaders and the Ferrell Guild threaten us, they are nothing compared to the holiness that is our protection. Let us fight for the sake of the Junon Order!",,,420,0,79,LQUE2852
quest_2853,2853,Recovery of Justice,"That hypocritical Junon Order is raising an army to wipe us out! Well, let's show them that true defenders of justice will never bend to their will!",,,420,0,79,LQUE2853
quest_2854,2854,Dignity of the Righteous Crusaders,"It's lonely to be number one, and you'll always have enemies. Let's show that jealous Junon Order just how powerful we really are, and confirm our superiority!",,,420,0,79,LQUE2854
quest_2855,2855,Wounded Pride,The Arumics have been greatly aided by the Junon Order ever since our organization has left Luna and come to Junon. We've got swallow our pride and return,,,420,0,79,LQUE2855
quest_2856,2856,Supremacy of Mana Theory,"The Righteous Crusaders and Ferrell Guild have taken our magic lightly, but were frequently defeated when they challenged us. Once again, they must be taught the reality of Mana Theory. Let us show them the true power of Arumic magic!",,,420,0,79,LQUE2856
quest_2857,2857,Taking Back Ferrell Road,"The Junon Order and the Arumics attacked us by surprise and seized one of our most important trade routes, the Ferrell Road. Let's show them how powerful the Ferrell Guild really is, and take back Ferrell Road!",,,420,0,79,LQUE2857
quest_2858,2858,Justification of Wealth,That foolish Junon Order and the Arumics don't give us any respect or recognition. They underestimate us and don't understand the power of wealth. Let's show them that the Ferrell Guild is a force to be reckoned with!,,,420,0,79,LQUE2858
quest_3001,3001,Shannon's Medical Treatment,Shannon has been saving the lives of Visitors for a long time in the Valley of Luxem Tower. Gorthein wants you to help by bringing medical supplies to Shannon.,,,0,0,79,LQUE3001
quest_3002,3002,Gorthein's Hidden Talent,"Gorthein has always wished to make his own healing potion, but he's always failed. Now, he's running out of materials to continue his experiments. Help Gorthein by supplying him with 10 Porkie Spines.",,,0,0,79,LQUE3002
quest_3003,3003,Necessity of a New Shrine (1),Help the effort to construct a new shrine for the Junon Order by hunting Smoulies and gathering 12 Thick Pulpwood.,,,0,0,79,LQUE3003
quest_3004,3004,Propagation Risking Danger,"Whenever a new Junon Scripture is released, Gorthein sends a copy to Kay. Now, you must travel to the Forest of Wisdom so that you can deliver the Junon Scripture to Kay.",,,0,0,79,LQUE3004
quest_3005,3005,Necessity of a New Shrine (2),Help the effort to construct a new shrine for the Junon Order by hunting Grunter Warriors and gathering 18 Iron Fragments.,,,0,0,79,LQUE3005
quest_3006,3006,In Readiness for War,"As antagonism between soldiers of opposing Factions increases, it seems that war will soon break out. The Junon Order is said to win every battle, so long as ev",,,0,0,79,LQUE3006
quest_3007,3007,The Arumics' Request,"In order to return to Luna, the Arumics have secretly been constructing a Flying Ship. As their ally, the Arumics have asked the Junon Or",,,0,0,79,LQUE3007
quest_3101,3101,Wickedness of the Righteous Crusaders,Those Self Righteous Crusaders have declared war on the Junon Order! Let's make an example of those thrill-seeking warmongers.,,,360,0,79,LQUE3101
quest_3102,3102,Arrogance of the Junon Order,Those schemers in the Junon Order have been raising an army in secret! We've got to stop them before they grow too powerful!,,,360,0,79,LQUE3102
quest_3401,3401,Violence by Porkies,"Porkies have recently been bullying and tormenting the innocent. Let's show them what we do to oppressors, and kill 17 of them!",,,0,0,79,LQUE3401
quest_3402,3402,Moldie's Strange Behavior,"The Moldies that have left the Coal Mines haven't been able to adapt to the outside world. They shouldn't be wandering around and bothering people, so go out and punish 30 of them.",,,0,0,79,LQUE3402
quest_3403,3403,Supplying Training Weapons,"Recently, we haven't been able to provide enough training weapons for new recruits in the Righteous Crusaders. For this purpose, go out and bring back 16 Grunter Axes.",,,0,0,79,LQUE3403
quest_3404,3404,Lawless Porkie Hooligans,"Lately, word has been going around that those Porkies have been mugging and harassing the innocent. Let's kill at least 30 Porkie Hooligans and show them we mean business.",,,0,0,79,LQUE3404
quest_3405,3405,Supplying Training Gloves,"Lately, we've been having trouble supplying training equipment for new recruits in the Righteous Crusaders. Help us out by hunting Grunter Warriors and bringing back 8 Training Gloves.",,,0,0,79,LQUE3405
quest_3406,3406,Majesty of the Righteous Crusaders,"We've got to keep training if we're going to mete out justice to the Junon Order that opposes us. Defeating 45 Elder Doongas might be rigorous training, but let's do it with pride as Righteous Crusaders.",,,0,0,79,LQUE3406
quest_3407,3407,Righteous Crusaders in Preparation,"To improve our chances in Faction conflicts, the Righteous Crusaders have decided to get new equipment. Help create new weapons by supplying 30 Krawfy Hard Shells from hunting Krawfy Warriors.",,,0,0,79,LQUE3407
quest_3601,3601,Unexpectedly Useful Porkie Spines,Porkie Spines are often useful as a magic ingredient. So go out and beat some Porkie Hooligans and bring back 10 Porkie Spines.  ,,,0,0,79,LQUE3601
quest_3602,3602,Coal Mine Moldies under Arumic Watch,The Arumics have started research on the strange behavior of Moldies in the Coal Mines. Gather 12 Moldie Eyelashes as specimens for study.,,,0,0,79,LQUE3602
quest_3603,3603,Grunter's Mysterious Strength,The Arumics have decided to research the Grunter Fighters' mysterious strength in an attempt to discover the source of their power. Help the research efforts by collecting 14 Grunter Feet.,,,0,0,79,LQUE3603
quest_3604,3604,"Lutis, Guard of Luxem Tower","Lutis, the astronomer in Luxem Tower, has recently been having trouble focusing Mana energy. You've got to help by giving Lutis the Mana Focus Potion.",,,0,0,79,LQUE3604
quest_3605,3605,Plant Extract: Magic Fundamental,Extracting the magical essence from plants is one of the basics of magic research. Go and hunt Smoulies in order to bring back 13 Smouly Leaves.,,,0,0,79,LQUE3605
quest_3606,3606,Magic Weapon Production,"The Righteous Crusaders have been waiting for their chance to crush our allies, the Junon Order. The Arumics have to help the Junon",,,0,0,79,LQUE3606
quest_3607,3607,Weak Mana Waves from Lunar,"We've been unsuccessful in receiving Mana Wave messages from the planet of Luna, so we must construct a Mana Tower to receive these we",,,0,0,79,LQUE3607
quest_3801,3801,It Might be Worth More Later,"Since demand for Porkie Spines is on the rise, it's time to get them while they're still hot. Go hunt some Porkies and get 12 Porkie Spines.",,,0,0,79,LQUE3801
quest_3802,3802,Stockpiling High Quality Coal,It's expected that the price for coal will rise since the Moldies have stopped mining for coal. You should chase after those Moldies and try to get 10 High Quality Coal as quickly as you can!,,,0,0,79,LQUE3802
quest_3803,3803,Ferrell Guild Lounge Construction,The Ferrell Guild isn't all business: apparently our leaders see the need for a place to relax. Help out with the lounge construction by hunting Smoulies to collect 12 Thick Pulpwood.,,,0,0,79,LQUE3803
quest_3804,3804,Charrs' Elaborate Market Price Analysis Table,"Belz, in the Breezy Hills, has requested Charrs' Market Price Analysis Table. Your job is to make sure it's delivered to Belz.",,,0,0,79,LQUE3804
quest_3805,3805,Arms Distribution Effort,"As the Ferrell Guild becomes more frequently targeted for robbery, its merchants must be equipped with guns to protect themselves. For this purpose, collect 17 Iron Fragments by hunting Grunter Warriors to help create more guns.",,,0,0,79,LQUE3805
quest_3806,3806,Reassuring Support,The Ferrell Guild can't idly stand by while the Junon Order targets the Righteous Crusaders! Help our allies by defeating Elder Doongas to collect 20 Doonga's Sausages for emergency rations.,,,0,0,79,LQUE3806
quest_3807,3807,New Recovery Potion,"The Ferrell Guild has decided to create new healing potions to help their long time allies, the Righteous Crusaders, in the Faction Wars. Do your part by bringing 30 units of Sticky Fluid that can be obtained from Kaiman Warriors.",,,0,0,79,LQUE3807
quest_5001,5001,Wine Delivery (Part Time Job),Sharlin asked you if you can bring two bottles of wine to Punwell in the Breezy Hills. You have a total of 30 minutes to finish this delivery.,,,180,0,80,LQUE5001
quest_5002,5002,Pomic Hunt (Fetch Quest),"Raffle asked you to bring him 10 Pomic Skins, and will give you a better reward if you can complete this task earlier than your rivals.",,,580,0,82,LQUE5002
quest_5003,5003,Dalping Hunt (Fetch Quest),"Keenu has a weakness for Dalping Eggs. Bring him 13 Dalping Eggs, and he'll give you a reward depending on how much sooner you bring him the eggs than your rivals.",,,700,0,82,LQUE5003
quest_5004,5004,Ulysses' Price Chart Delivery,Ulysses has asked you to deliver his Daily Price Checklist to Seyon in the Adventurer's Plains.,,,0,0,80,LQUE5004
quest_5005,5005,Spero's Top Secret Cart Schematic,"Spero has asked you to deliver his Top Secret Cart Schematic to Belz, who is in the Windmill Village in the Breezy Hills.",,,0,0,80,LQUE5005
quest_5006,5006,Stockpiling Bronze Fragments,Lena has asked you to gather Bronze Fragments to help alleviate the dwindling supply problem in Zant. You can hunt Pomic type monsters to obtain Bronze Fragments.,,,0,0,80,LQUE5006
quest_5007,5007,Stockpiling Iron Fragments,"Lena has asked you to gather Iron Fragments to help alleviate the dwindling supply problem in Zant. You can hunt Red Flanae, Old Flanae, Big Flanae and Beetles to obtain Iron Fragments.",,,0,0,80,LQUE5007
quest_5008,5008,Stockpiling Silver Fragments,Lena has asked you to gather Silver Fragments to help alleviate the dwindling supply problem in Zant. You can hunt Rackie and Turtle type monsters to obtain Silver Fragments.,,,0,0,80,LQUE5008
quest_5009,5009,Candle Ghost Extermination (Fetch Quest),"Cornell, the mayor of Zant, has organized a campaign to exterminate the Candle Ghosts. Bring him 20 Candle Ghost Masks from the Candle Ghosts you've defeated, and he'll reward you according to your performance in comparison to your competition.",,,2160,0,82,LQUE5009
quest_5011,5011,Stockpiling Maple Branches,"More material shortages have occurred in Junon Polis as its population has risen. If you bring Maple Branches to Eva, she will surely be pleased. You can find Maple Branches by hunting Porkie type monsters.",,,0,0,80,LQUE5011
quest_5012,5012,Stockpiling Konara Branches,"More material shortages have occurred in Junon Polis as its population has risen. If you bring Konara Branches to Eva, she will surely be pleased. You can find Konara Branches by hunting Clown type monsters.",,,0,0,80,LQUE5012
quest_5013,5013,Stockpiling Oak Branches,"More material shortages have occurred in Junon Polis as its population has risen. If you bring Oak Branches to Eva, she will surely be pleased. You can find Oak Branches by hunting Doonga type monsters.",,,0,0,80,LQUE5013
quest_5014,5014,Goblin Cave Expedition (1st Level),"The Goblin Cave (B1) is teeming with Rubies that have been dug up by the Goblins. However, Goblins merely hold on to these jewels and don't know what to do with them. Bring a bunch of Small Rubies to Bellia, and he might pay you a good price for them.",,,0,0,80,LQUE5014
quest_5015,5015,Goblin Cave Expedition (2nd Level),"The Goblin Cave (B2) is teeming with Topaz that has been dug up by the Goblins. However, Goblins merely hold on to these jewels and don't know what to do with them. Bring a bunch of Small Topazes to Bellia, and he might pay you a good price for them.",,,0,0,80,LQUE5015
quest_5016,5016,Goblin Cave Expedition (3rd Level),"The Goblin Cave (B2) is teeming with Diamonds that have been dug up by the Goblins. However, Goblins merely hold on to these jewels and don't know what to do with them. Bring a bunch of Small Diamonds to Bellia, and he might pay you a good price for them.",,,0,0,80,LQUE5016
quest_5017,5017,Moldie's Strange Mineral (Fetch Quest),"Kiroth has told you that Moldies have been gathering some strange mineral. If you bring 10 Green Minerals and 10 Black Minerals to Kiroth, he will reward you according to your performance compared to your rivals.",,,900,0,82,LQUE5017
quest_5018,5018,Candle Ghost's Identity (Fetch Quest),"No one has ever seen the true form of the Candle Ghosts that appear at night, so it might be a good idea to remove a bunch of their masks. Bring 20 Candle Ghost Masks to Hayen for a reward.",,,1080,0,82,LQUE5018
quest_5019,5019,Goblin Hunting Competition (Fetch Quest),"Itz, who has a weakness for gambling, has created this game of chance. Defeat 55 Goblins in the Goblin Cave (B2) for a possible reward.",,,1080,0,82,LQUE5019
quest_5031,5031,Seyon's Price Checklist Delivery,Seyon has asked you to deliver the Daily Price Check to Ulysses in Zant.,,,0,0,80,LQUE5031
quest_5032,5032,Piety and a Bribe?,"Bring Gray's Pearl Oysters to Francis who is at the temple in Zant. Afterwards, return to Gray with the Elder Appointment Letter from Francis.",,,0,0,80,LQUE5032
quest_5033,5033,Stockpiling Jelly Bean Hides,"With the endless influx of Visitors, the Adventurer's Plains is suffering from a supply shortage. Collect some Jelly Bean Hides for the overtaxed Gray and provide him with some relief.",,,0,0,80,LQUE5033
quest_5034,5034,Stockpiling Spools of Thread,"With the endless influx of Visitors, the Adventurer's Plains is suffering from a supply shortage. Collect some Spools of Thread from Choropies for the worrisome Gray and provide him with some relief.",,,0,0,80,LQUE5034
quest_5035,5035,Stockpiling on Flanae Petals,"With the endless influx of Visitors, the Adventurer's Plains is suffering from a supply shortage. Collect some Flanae Petals for the tormented Gray and provide him with some relief.",,,0,0,80,LQUE5035
quest_5041,5041,The Lost Engagement Ring,"Methio lost the engagement ring and without it, he'll never be able to face his fiancee again. You've got to find Methio's Engagement Ring for him.",,,0,0,80,LQUE5041
quest_5051,5051,Hunting Practice (1),The Fairy of Arua suggested that you defeat 3 Jelly Beans in preparation for your real adventures. Complete this task and you'll receive a small reward.,,,0,0,80,LQUE5051
quest_5052,5052,Hunting Practice (2),The Fairy of Arua suggested that you defeat 4 Mini-Choropies in preparation for your real adventures. Complete this task and you'll receive a small reward.,,,0,0,80,LQUE5052
quest_5053,5053,Hunting Practice (3),The Fairy of Arua suggested that you defeat 8 Choropies and Mini-Choropies in preparation for your real adventures. Complete this task and you'll receive a small reward.,,,60,0,80,LQUE5053
quest_5061,5061,Christmas Event,Santa needs your help! Travel to each of the 4 planetoids and bring back those stolen items!,,,0,0,80,LQUE5061
quest_5062,5062,,,,,0,0,81,LQUE5062
quest_5063,5063,,,,,0,0,82,LQUE5063
quest_5064,5064,Darling Judy (1),"Every spring, Judy used to make a bunch of flowers for her grandfather. But this time she has a bad cold, so she's asking you to collect 20 Cherry Blossoms. You can get Cherry Blossoms by hunting Cherry Smoulies.",,,0,0,80,LQUE5064
quest_5065,5065,Darling Judy (2),"Judy asks you once again to gather 20 Cherry Blossoms, this time for Mayor Darren of Junon Polis. Hunt those Cherry Smoulies to get those flowers!",,,0,0,80,LQUE5065
quest_5066,5066,Christmas Quest,Santa needs your help! Travel to each of the 4 planetoids and bring back those stolen items!,,,0,0,80,LQUE5066
quest_5067,5067,Missing Sister,"Reene's sister, Lithia has gone missing. Reene recommended that you start searching north of Anima Lake for her.",,,0,0,80,LQUE5067
quest_5068,5068,Missing Sister,Lithia told you how she got killed by Evil Jack and now has to live as a ghost at the Desert of the Dead. Time to report back to Reene and tell her the bad news.,,,0,0,80,LQUE5068
quest_5069,5069,Teddybear Rescue,"Rosie, Arisa's teddybear has been stolen by the Aqua King at El Verloon Desert. Go rescue Rosie!",,,0,0,80,LQUE5069
quest_5072,5072,Valentine's Day,"Every Valentine's Day, Judy used to hand out Love Bags to the couples. But this time Love Pigs have gone and taken them, so she's asking you to collect at least 35 Red Love Bags for her. You can find Love Pigs at Love Island.",,,0,0,80,LQUE5072
quest_5075,5075,,,,,0,0,80,LQUE5075
quest_5076,5076,,,,,0,0,80,LQUE5076
quest_5077,5077,,,,,0,0,80,LQUE5077
