Name,Id,DisplayName,Items
sell_110,110,Dance Scrolls / Vend,10448;10449;10450;10451;10452;10453;10454;10455;10456;10457;10390;10391;10392;10393;10394;10395;10396;10397;10371;10372;10373;10374;10375;10376
sell_111,111,Dance Scrolls / Vend,10642;10643;10644;10645;10646;10647;10648;10649;10442;10443;10444;10445;10446;10461;10462;10463;10466;10471;10472;10473;10475;10476
sell_217,217,Soldier Skill,10651;10659;10660;10661;10654;10655;10657;10662;10664;10667;10668;10658;10690;10665;10666;10656;10673;10672
sell_218,218,Hawker Skill,10752;10757;10759;10763;10751;10756;10758;10762;10773;10755;10753;10754;10764;10760;10761
sell_219,219,Basic Skill,10601;10602;10606;10609;10610;10611
sell_220,220,Shields,9093;9094;9095;9096;9097;9098
sell_221,221,Magic Weapon,8301;8302;8303;8304;8331;8332;8333;8334;9061;9062;9063;9064
sell_222,222,Medicines/Return Scroll ,10001;10002;10003;10004;10005;10006;10021;10022;10023;10024;10025;10026;10351;10362
sell_223,223,Muse Skill,10701;10708;10711;10734;10725;10704;10703;10715;10707;10712;10720;10702;10710;10709;10733;10731;10713;10719;10739;10714;10716
sell_224,224,Shields,9091;9092;9093
sell_225,225,Accessory,7002;7004;7006;7008;7010;7012;7014;7016;7082;7084;7086;7088;7090;7092;7094;7096;7152;7154;7156;7158;7160;7162;7164;7166
sell_229,229,One hand weapon,8002;8003;8004;8005;8006;8031;8032;8033;8034;8035;9001;9002;9003;9004
sell_230,230,Two hand weapon,8101;8102;8103;8104;8131;8132;8133;8161;8162;8163;8164;8165
sell_231,231,Bows,8201;8202;8203;8204;8205;8059;8060;8061;12301;12302;12303;12304;12311;12312
sell_232,232,Combat Weapon,8401;8402;8403;8404;8431;8432
sell_233,233,Soldier,3031;3032;2031;2032;4031;4032;5031;5032
sell_234,234,Hawker,3091;3092;2091;2092;4091;4092;5091;5092
sell_235,235,Back Equipment,6241;6242
sell_236,236,Repair tool,10291
sell_237,237,Muse,3061;3062;2061;2062;4061;4062;5061;5062
sell_238,238,Dealer,3121;3122;2121;2122;4121;4122;5121;5122
sell_239,239,Common Clothes,3006;3007;3008;3009;3010;3011;2006;2007;2008;2009;2010;2011;4006;4007;4008;4009;4010;4011;5006;5007;5008;5009;5010;5011
sell_240,240,Trends,9034;9036;9045;9046;9047;6203;6210;12451;12452;12453;10900;10901;12288
sell_241,241,Guns,8231;8232;8233;8234;8261;8262;12321;12322;12323;12324;12331;12332;12333
sell_245,245,Materials,12001;12002;12003;12004;12005;12006;12031;12032;12033;12034;12035;12036;12041;12042;12043;12044;12045;12046;12051;12052;12053;12054;12055;12056
sell_248,248,Dealer Skill,10801;10803;10804;10806;10807;10829;10802;10816;10817;10810;10818;10822;10821;10825;10811;10808;10833;10834;10835;10836
sell_249,249,Food,10101;10102;10103;10104;10105;10106;10107;10108;10120;10121;10122;10123;10124;10125
sell_255,255,One-hand weapon,8008;8009;8010;8011;8012;8013;8014;8015;8037;8038;8039;8040;8041;8042;8043;8044;9007;9008;9009;9010;9011;9012
sell_256,256,Two-hand weapon,8106;8107;8108;8109;8110;8111;8112;8113;8135;8136;8137;8138;8139;8140;8141;8142;8167;8168;8169;8170;8171;8172
sell_257,257,Bows,8207;8208;8209;8210;8211;8212;8213;8214;8063;8064;8065;8066;8067;8068;8069;8070;12301;12302;12303;12304;12305;12306;12311;12312;12313;12314;12315;12316
sell_258,258,Combat Weapon,8406;8407;8408;8409;8410;8411;8412;8413;8434;8435;8436;8437;8438;8439;8440;8441
sell_260,260,Soldier,3033;3034;3035;3036;3037;2033;2034;2035;2036;2037;4033;4034;4035;4036;4037;5033;5034;5035;5036;5037
sell_261,261,Hawker,3093;3094;3095;3096;3097;2093;2094;2095;2096;2097;4093;4094;4095;4096;4097;5093;5094;5095;5096;5097
sell_262,262,Back item,6243;6244
sell_263,263,Repair tool,10291
sell_265,265,Food,10106;10107;10108;10109;10110;10122;10123;10124;10125
sell_267,267,Muse,3063;3064;3065;3066;3067;2063;2064;2065;2066;2067;4063;4064;4065;4066;4067;5063;5064;5065;5066;5067
sell_268,268,Dealer,3123;3124;3125;3126;3127;2123;2124;2125;2126;2127;4123;4124;4125;4126;5127;5123;5124;5125;5126;5127
sell_269,269,Common Clothes,3012;3013;2012;2013;4012;4013;5012;5013
sell_270,270,Trends,9034;9036;9045;9046;9047;6203;6210;12451;12452;12453;10900;10901;12288
sell_272,272,Potion/Return Scroll ,10005;10006;10007;10008;10023;10024;10025;10026;10352;10363
sell_274,274,Accessories,7011;7013;7015;7017;7019;7021;7023;7025;7091;7093;7095;7097;7099;7101;7103;7105;7161;7163;7165;7167;7169;7171;7173;7175
sell_303,303,Beginners,8002;8003;8031;9001;8101;8161;8201;8202;8231;12301;12321
sell_304,304,Beginners,3002;3003;3004;3005;3006;2002;2003;2004;2005;2006;4002;4003;4004;4005;4006;5002;5003;5004;5005;5006
sell_305,305,Special,3029;5029
sell_307,307,Potion/Return Scroll ,10001;10002;10003;10004;10005;10006;10007;10008;10021;10022;10023;10024;10025;10026;10352;10361;10360;10363;10350;10351;10368;10369;10359;10356;10513;10514
sell_308,308,Basic ,10601;10602;10606;10609;10610;10611
sell_311,311,Materials,12001;12002;12003;12004;12005;12006;12031;12032;12033;12034;12035;12036;12041;12042;12043;12044;12045;12046;12051;12052;12053;12054;12055;12056
sell_323,323,Food,10101;10102;10103;10104;10120;10121;10122;10351;10352
sell_327,327,Beginners,3002;3003;3004;3005;3006;2002;2003;2004;2005;2006;4002;4003;4004;4005;4006;5002;5003;5004;5005;5006
sell_377,377,Event,2878;3733;4195;5718;10144;10987;10953
sell_378,378,ETC Demon Fencing,10065;10066;10067;10068;10069;10070;10071;10072;10073;10074;10075;10076;10077;10078;10079;10080;10081;10082;10083;10084;10085;10086;10087;10088;10089;10090;10091;10092;10093;10094
sell_382,382,Materials,12001;12002;12003;12004;12005;12006;12031;12032;12033;12034;12035;12036;12041;12042;12043;12044;12045;12046;12051;12052;12053;12054;12055;12056
sell_390,390,Food,10101;10102;10103;10104;10120;10121;10122;10123;10636;10637;10638;10604;10603
sell_422,422,Materials,12001;12002;12003;12004;12005;12006;12031;12032;12033;12034;12035;12036;12041;12042;12043;12044;12045;12046;12051;12052;12053;12054;12055;12056
sell_445,445,Other,2940;2941;2942;2947;3878;3879;3880;3885;3886;3884;1039;1040
sell_447,447,Back items,6748;6778;6001;6002;6003;6004
sell_448,448,Back items,6746;6778;6001;6002;6003;6004
sell_449,449,Back items,6747;6778;6001;6002;6003;6004;6809;6039
sell_451,451,Back items,6745;6778;6001;6002;6003;6004;6809
sell_452,452,Body,3717;3718;3719;3736;3737;3738;5731
sell_454,454,Outfits,3220;3222;3224;3226;3227;3231;3181;3187;2321;2323;2324;2325;2327;2329;2824;2832;4221;4223;4224;4225;4227;4228;4181;4186;5220;5222;5224;5226;5227;5230
sell_456,456,Outfits,3221;3223;3224;3225;3227;3228;3181;3187;2320;2322;2324;2326;2327;2330;2824;2832;4220;4222;4224;4226;4227;4229;4181;4186;5221;5223;5224;5225;5227;5231
sell_458,458,Outfits,3220;3222;3224;3226;3227;3230;3181;3187;2321;2323;2324;2325;2327;2328;2824;2832;4221;4223;4224;4225;4227;4231;4181;4186;5220;5222;5224;5226;5227;5229
sell_460,460,Outfits,3221;3223;3224;3225;3227;3229;3181;3187;2320;2322;2324;2326;2327;2331;2824;2832;4220;4222;4224;4226;4227;4230;4181;4186;5221;5223;5224;5225;5227;5228
sell_462,462,Soldier ,10651;10659;10660;10661;10652;10653;10677;10676;10691;10692;10654;10655;10657;10662;10664;10667;10668;10658;10690;10665;10666;10678
sell_464,464,Muse,10701;10708;10711;10734;10725;10735;10726;10704;10703;10715;10707;10712;10720;10717;10727;10723;10736;10724;10571;10702;10710;10709;10733;10731;10721
sell_466,466,Hawker,10752;10757;10759;10763;10767;10765;10751;10756;10758;10762;10773;10775;10766;10774;10755;10753;10754;10764;10760;10761;10772;10776;10770
sell_468,468,Dealer,10801;10804;10805;10806;10807;10829;10830;10831;10802;10816;10817;10815;10810;10818;10822;10821;10825;10820;10824;10811;10808;10833;10834;10835;10836
sell_470,470,Magic Weapon,8304;8305;8306;8307;8308;8309;8310;8311;8334;8335;8336;8337;8338;8339;8340;8341;9061;9062;9063;9064;9065;9066;9067;9068;9069
sell_471,471,Potion/Return Scroll ,10001;10002;10003;10004;10005;10006;10007;10008;10021;10022;10023;10024;10025;10026;10352;10361;10360;10363;10350;10351;10368;10369;10359;10356;10370;10514;10513
sell_474,474,Accessories,7011;7013;7015;7017;7019;7021;7023;7025;7091;7093;7095;7097;7099;7101;7103;7105;7161;7163;7165;7167;7169;7171;7173;7175
sell_475,475,Back items,10371;10372;10373;10374;10375;10376;10390;10391;10392;10393;10394;10395;10396;10397;10356;10448;10449;10450;10451;10452;10453
sell_478,478,One-hand weapon,8006;8007;8008;8009;8010;8011;8012;8013;8035;8036;8037;8038;8039;8040;8041;8042;9004;9005;9006;9007;9008;9009;9010
sell_479,479,Two-hand weapon,8104;8105;8106;8107;8108;8109;8110;8111;8133;8134;8135;8136;8137;8138;8139;8140;8165;8166;8167;8168;8169;8170;8171
sell_480,480,Bows,8205;8206;8207;8208;8209;8210;8211;8212;8061;8062;8063;8064;8065;8066;8067;8068;12301;12302;12303;12304;12305;12306;12311;12312;12313;12314;12315;12316
sell_481,481,Combat Weapon,8404;8405;8406;8407;8408;8409;8410;8411;8432;8433;8434;8435;8436;8437
sell_482,482,Soldier,3031;3032;3033;3034;3035;3036;3037;3038;2031;2032;2033;2034;2035;2036;2037;2038;4031;4032;4033;4034;4035;4036;4037;4038;5031;5032;5033;5034;5035;5036
sell_483,483,Hawker,3091;3092;3093;3094;3095;3096;3097;3098;2091;2092;2093;2094;2095;2096;2097;2098;4091;4092;4093;4094;4095;4096;4097;4098;5091;5092;5093;5094;5095;5096
sell_484,484,Back item,6241;6242;6243;6244
sell_485,485,Repair tool,10291
sell_486,486,Muse,3061;3062;3063;3064;3065;3066;3067;3068;2061;2062;2063;2064;2065;2066;2067;2068;4061;4062;4063;4064;4065;4066;4067;4068;5061;5062;5063;5064;5065;5066
sell_487,487,Dealer,3121;3122;3123;3124;3125;3126;3127;3128;2121;2122;2123;2124;2125;2126;2127;2128;4121;4122;4123;4124;4125;4126;4127;4128;5121;5122;5123;5124;5125;5126
sell_488,488,Common Clothes,3010;3011;3012;3013;2010;2011;2012;2013;4010;4011;4012;4013;5010;5011;5012;5013
sell_489,489,Trends,9031;9032;9033;9034;9036;6202;6203;6210;12451;12452;12453;10900;10901;12288
sell_490,490,Guns,8234;8235;8236;8237;8238;8239;8240;8241;8262;8263;8264;8265;8266;8267;8268;8269;12321;12322;12323;12324;12325;12326;12329;12331;12332;12333
sell_491,491,Cart,14421;14005;14006;14007;14008;14009;14010;14011;14012;14014;14015;14017;14021;14050;14051;14052;14053;14054;14055;14056;14057;14058;14059;14060;14061;14062;14063;14064;14121;14106
sell_494,494,Food,10102;10103;10104;10105;10106;10107;10108;10109;10120;10121;10122;10123;10124;10125;10013;10032;10019;10039
sell_496,496,Storage / Repair Tool,10951;10953
sell_498,498,Materials,12001;12002;12003;12004;12005;12006;12031;12032;12033;12034;12035;12036;12041;12042;12043;12044;12045;12046;12051;12052;12053;12054;12055;12056
sell_504,504,Masks,1025;1026;1027;1028;1029;1030;1039;1040;1041;1043;1045;1054;1055;1056;1057;1059;1060;1061;1063;1065;1075;1076;1077;1078;1079;1080;1081;1082;1083;1084
sell_516,516,Accessories,7018;7020;7022;7024;7026;7027;7028;7098;7100;7102;7104;7106;7107;7108;7168;7170;7172;7174;7178;7181
sell_517,517,ETC-Rose set2,2111;2112;2113;2114;2115;2116;2117;2118;3111;3112;3113;3114;3115;3116;3117;3118;4111;4112;4113;4114;4115;4116;4117;4118;5111;5112;5113;5114;5115;5116
sell_518,518,ETC-Rose set1,2985;2986;2987;2988;2989;3955;3956;3957;3958;3959;4955;4956;4957;4958;4959;5955;5956;5957;5958;5959
sell_519,519,ETC-Rose set3,2996;2997;2998;2999;3996;3997;3998;3999;4996;4997;4998;4999;5996;5997;5998;5999
sell_520,520,One-hand weapon,8009;8010;8011;8012;8013;8014;8015;8016;8038;8039;8040;8041;8042;8043;8044;8045
sell_521,521,Bows,8208;8209;8210;8211;8212;8213;8214;8215;8064;8065;8066;8067;8068;8069;8070;8071;12301;12302;12303;12304;12305;12306;12307;12318;12311;12312;12313;12314;12315;12316
sell_522,522,Two-hand weapon,8107;8108;8109;8110;8111;8112;8113;8114;8136;8137;8138;8139;8140;8141;8142;8143;8167;8168;8169;8170;8171;8172;8173;8174
sell_523,523,Combat Weapon,8407;8408;8409;8410;8411;8412;8413;8414;8435;8436;8437;8438;8439;8440;8441;8442;8443;8444;8445
sell_524,524,Materials,12001;12002;12003;12004;12005;12006;12031;12032;12033;12034;12035;12036;12041;12042;12043;12044;12045;12046;12051;12052;12053;12054;12055;12056
sell_525,525,Guns,8237;8238;8239;8240;8241;8242;8243;8244;8265;8266;8267;8268;8269;8270;8271;8272;12321;12322;12323;12324;12325;12326;12327;12328;12331;12332;12333;12329
sell_526,526,Tuning Parts,14009;14010;14014;14015;10293;10294
sell_527,527,Vending,10950
sell_528,528,Medicines/Return Scroll ,10002;10003;10004;10005;10006;10010;10011;10012;10022;10023;10024;10025;10026;10029;10030;10031;10353;10366;10367;10364;10365;10354;10355;10357;10344;10345;10346;10347;10348;10349
sell_529,529,Magic Weapon,8307;8308;8309;8310;8311;8312;8313;8314;8337;8338;8339;8340;8341;8342;8343;8344
sell_530,530,Vending,10956;10949;10953
sell_531,531,Vending,10955
sell_532,532,Food,10132;10133;10134;10135
sell_533,533,Vending,10957
sell_537,537,Tuning Parts,14009;14010;14014;14015;14101;14102;14201;14202;10293;10294
sell_538,538,Potion,10001;10002;10003;10004;10005;10006;10007;10008;10021;10022;10023;10024;10025;10026;10012;10013;10014;10015;10366;10367;10378;10031;10032;10033;10357
sell_539,539,Potion,10001;10002;10003;10004;10005;10006;10007;10008;10021;10022;10023;10024;10025;10026;10012;10013;10014;10031;10032;10033
sell_540,540,Mining Skill Book,10852
sell_541,541,Other,10439
sell_542,542,Coupon / Repair,10951;10952
sell_545,545,Ammo,12301;12302;12303;12304;12305;12306;12307;12311;12312;12313;12314;12315;12316;12317;12321;12322;12323;12324;12325;12326
sell_546,546,Potion,10001;10002;10003;10004;10005;10006;10007;10008;10021;10022;10023;10024;10025;10026;10012;10013;10031;10032
sell_547,547,Advanced Soldier Skill,10533;10534;10535;10536;10573;10595;10537;10538;10539;10540;10574;10596
sell_548,548,Advanced Muse Skill,10541;10542;10543;10544;10545;10546;10547;10548;10575;10582;10583;10584;10585;10586;10587;10588;10589;10590;10581
sell_549,549,Advanced Hawker Skill,10549;10550;10554;10555;10577;10592;10556;10557;10558;10553;10578;10593
sell_550,550,Advanced Dealer Skill,10559;10560;10561;10552;10579;10598;10562;10563;10564;10565;10580;10597
sell_551,551,Potion/Return Scroll ,10001;10002;10003;10004;10005;10006;10007;10008;10021;10022;10023;10024;10025;10026;10357;10356;10012;10013;10031;10032
sell_552,552,Potion,10001;10002;10003;10004;10005;10006;10007;10008;10021;10022;10023;10024;10025;10026;10012;10013;10031;10032
sell_555,555,Food,10136;10137
sell_559,559,Long Distance Weapon,12301;12302;12303;12304;12305;12306;12307;12318;12311;12312;12313;12314;12315;12316;12317;12319
sell_560,560,Guns,12321;12322;12323;12324;12325;12326;12327;12328;12331;12332;12333;12329;12341;12342;12343;12344;12345;12346;12351;12352;12347
